N,Diameter,Temperature,Mx,Chi_x,Chi_y,Chi_z,Chi_longitudinal,Chi_trans
4,1.0,0.0,1.0,0.0,0.0,-0.0,0.0,0.0
4,1.0,5.0,0.995597,0.0573873,0.0572118,3.50627e-05,2.80562e-05,0.057299550000000005
4,1.0,10.0,0.991169,0.0574973,0.0577297,7.12773e-05,5.69373e-05,0.0576135
4,1.0,15.0,0.986716,0.0576134,0.0578122,0.000108221,8.63156e-05,0.0577128
4,1.0,20.0,0.982238,0.0580876,0.0580504,0.000146046,0.000116276,0.058069
4,1.0,25.0,0.977736,0.0579323,0.0582244,0.000184565,0.000146725,0.05807835
4,1.0,30.0,0.973205,0.0584803,0.058495,0.000224683,0.000178008,0.05848765
4,1.0,35.0,0.968646,0.0587427,0.0588125,0.000266026,0.000210855,0.0587776
4,1.0,40.0,0.964064,0.0591838,0.0593085,0.000309388,0.000243683,0.05924615
4,1.0,45.0,0.959455,0.0593151,0.0594988,0.000351947,0.000277058,0.05940695
4,1.0,50.0,0.954809,0.0593573,0.0595195,0.000395693,0.000311913,0.0594384
4,1.0,55.0,0.950149,0.0597434,0.0599181,0.000441837,0.000346532,0.05983075
4,1.0,60.0,0.945448,0.0605106,0.0603878,0.000490765,0.000382718,0.060449199999999995
4,1.0,65.0,0.940729,0.0602501,0.0604235,0.000535199,0.000419461,0.060336799999999996
4,1.0,70.0,0.935972,0.0608035,0.0609358,0.000587272,0.000457499,0.06086965
4,1.0,75.0,0.931191,0.0610463,0.0613482,0.000638316,0.000495692,0.061197249999999995
4,1.0,80.0,0.926387,0.0613765,0.0613237,0.00068982,0.000534402,0.061350100000000005
4,1.0,85.0,0.921542,0.0619318,0.0612349,0.000744215,0.000576107,0.06158335
4,1.0,90.0,0.916675,0.0619658,0.0620655,0.000797585,0.000614744,0.062015650000000005
4,1.0,95.0,0.911778,0.0621302,0.062309,0.000855849,0.000657359,0.0622196
4,1.0,100.0,0.906844,0.0625527,0.0626006,0.000915436,0.000702339,0.06257665000000001
4,1.0,105.0,0.901893,0.0628959,0.0628364,0.00097309,0.000744362,0.06286615000000001
4,1.0,110.0,0.896888,0.0632147,0.0631477,0.00103661,0.000791827,0.06318119999999999
4,1.0,115.0,0.891866,0.063482,0.0637397,0.0011015,0.000838643,0.06361085
4,1.0,120.0,0.886814,0.0639963,0.0638012,0.00117132,0.000885946,0.06389875
4,1.0,125.0,0.881733,0.0640275,0.0640866,0.001232,0.000932212,0.06405705
4,1.0,130.0,0.876616,0.0640604,0.0643011,0.00130222,0.000984115,0.06418075000000001
4,1.0,135.0,0.871445,0.0646862,0.0650056,0.00137927,0.00103772,0.0648459
4,1.0,140.0,0.866292,0.0647064,0.0652834,0.00144546,0.00108635,0.0649949
4,1.0,145.0,0.861076,0.0653656,0.0653502,0.00152411,0.00114008,0.0653579
4,1.0,150.0,0.855867,0.0655773,0.0653326,0.00159794,0.00119148,0.06545495000000001
4,1.0,155.0,0.850544,0.065667,0.0659072,0.00168598,0.00125249,0.0657871
4,1.0,160.0,0.845254,0.0663332,0.0663855,0.00176641,0.00130601,0.06635935
4,1.0,165.0,0.839904,0.0664889,0.066512,0.00185238,0.00137027,0.06650045
4,1.0,170.0,0.834532,0.0669649,0.0671425,0.00195167,0.00143217,0.0670537
4,1.0,175.0,0.829134,0.0671129,0.0676201,0.0020406,0.00149262,0.0673665
4,1.0,180.0,0.823684,0.0676189,0.0675345,0.00213189,0.00155814,0.06757669999999999
4,1.0,185.0,0.818184,0.0679371,0.0680919,0.00223751,0.00162687,0.0680145
4,1.0,190.0,0.812685,0.0681372,0.068321,0.00234534,0.00169972,0.0682291
4,1.0,195.0,0.807134,0.0688644,0.0686546,0.00245834,0.00176827,0.0687595
4,1.0,200.0,0.801523,0.0693632,0.0689447,0.00256625,0.00184264,0.06915394999999999
4,1.0,205.0,0.795915,0.0692192,0.0695079,0.00268195,0.00191817,0.06936355
4,1.0,210.0,0.790252,0.0701389,0.0697968,0.00280194,0.00199359,0.06996785
4,1.0,215.0,0.784524,0.069902,0.0696551,0.00292685,0.0020821,0.06977855
4,1.0,220.0,0.778777,0.0705321,0.0704458,0.00306255,0.00216553,0.07048895
4,1.0,225.0,0.773014,0.0709843,0.0708957,0.00320202,0.00225212,0.07094
4,1.0,230.0,0.76711,0.0714197,0.0714422,0.00337336,0.00235678,0.07143094999999999
4,1.0,235.0,0.761294,0.0719388,0.0718199,0.00350078,0.0024398,0.07187935000000001
4,1.0,240.0,0.75538,0.0716597,0.0723963,0.0036681,0.00254232,0.07202800000000001
4,1.0,245.0,0.749343,0.0725673,0.0726643,0.00383816,0.00265337,0.07261580000000001
4,1.0,250.0,0.743269,0.0730448,0.0731423,0.00403143,0.00276292,0.07309355
4,1.0,255.0,0.737289,0.0735736,0.072894,0.00419421,0.00286423,0.0732338
4,1.0,260.0,0.731142,0.0735052,0.0736208,0.00439673,0.00298816,0.073563
4,1.0,265.0,0.724924,0.0744252,0.0740405,0.00460347,0.00311558,0.07423284999999999
4,1.0,270.0,0.718667,0.0748008,0.0749789,0.00486241,0.00326528,0.07488985000000001
4,1.0,275.0,0.712333,0.0751762,0.0748208,0.00515819,0.0034371,0.0749985
4,1.0,280.0,0.705979,0.0761024,0.0755158,0.00537874,0.00354559,0.07580909999999999
4,1.0,285.0,0.699569,0.0763107,0.0764765,0.00563005,0.00370824,0.0763936
4,1.0,290.0,0.692932,0.0764314,0.0767428,2.60132,0.00409065,0.07658709999999999
4,1.0,295.0,0.686356,0.0777307,0.0775112,0.00660884,0.00421512,0.07762095
4,1.0,300.0,0.679626,0.0778868,0.0777776,2.13295,0.00444256,0.0778322
4,1.0,305.0,0.672759,0.0787981,0.0785491,1.36273,0.00493712,0.0786736
4,1.0,310.0,0.665885,0.0792469,0.0788018,0.03272,0.00524829,0.07902435
4,1.0,315.0,0.658845,0.0798024,0.0797561,2.91028,0.00553689,0.07977925
4,1.0,320.0,0.651647,0.0809422,0.0806064,2.98272,0.0061713,0.0807743
4,1.0,325.0,0.644395,0.0812494,0.08152,1.14679,0.00678167,0.0813847
4,1.0,330.0,0.637076,0.0826735,0.0819768,2.27646,0.00710866,0.08232515
4,1.0,335.0,0.629433,0.0832118,0.0834096,2.6267,0.00810345,0.0833107
4,1.0,340.0,0.622124,0.0838033,0.083794,2.0523,0.00794905,0.08379865
4,1.0,345.0,0.613943,0.0847627,0.0850237,2.28473,0.00941036,0.0848932
4,1.0,350.0,0.605288,0.0866352,0.0867167,2.31496,0.0114969,0.08667595
4,1.0,355.0,0.597082,0.0872949,0.0871607,2.19089,0.0125133,0.0872278
4,1.0,360.0,0.58871,0.0882403,0.0887023,2.11159,0.013216,0.0884713
4,1.0,365.0,0.579923,0.0893163,0.0891149,1.96884,0.014732,0.0892156
4,1.0,370.0,0.570457,0.0908164,0.0909677,1.89622,0.0169949,0.09089205
4,1.0,375.0,0.560635,0.0933029,0.0927159,1.80591,0.0191966,0.09300939999999999
4,1.0,380.0,0.551022,0.0941321,0.0943517,1.70294,0.0209721,0.09424189999999999
4,1.0,385.0,0.539564,0.0965038,0.0966307,1.61302,0.024978,0.09656725
4,1.0,390.0,0.529909,0.0979287,0.0976592,1.53393,0.0259396,0.09779394999999999
4,1.0,395.0,0.518544,0.100014,0.0997855,1.44028,0.0287696,0.09989975000000001
4,1.0,400.0,0.5074,0.10197,0.101513,1.34897,0.0309954,0.10174150000000001
4,1.0,405.0,0.496237,0.102702,0.102865,1.26615,0.0330237,0.1027835
4,1.0,410.0,0.483891,0.10454,0.104829,1.17687,0.0357653,0.1046845
4,1.0,415.0,0.471625,0.10663,0.105992,1.09371,0.0376548,0.106311
4,1.0,420.0,0.459811,0.107641,0.107727,1.01486,0.0390254,0.107684
4,1.0,425.0,0.446107,0.108568,0.108294,0.9334,0.042126,0.108431
4,1.0,430.0,0.433112,0.110274,0.110468,0.855038,0.0433076,0.110371
4,1.0,435.0,0.420959,0.110229,0.110049,0.787726,0.0438946,0.11013899999999999
4,1.0,440.0,0.407816,0.109573,0.109967,0.72008,0.0449095,0.10977
4,1.0,445.0,0.395433,0.109627,0.109797,0.657146,0.0448696,0.109712
4,1.0,450.0,0.382111,0.108792,0.109142,0.595293,0.0452122,0.10896700000000001
4,1.0,455.0,0.368839,0.107881,0.108162,0.53676,0.0450951,0.10802149999999999
4,1.0,460.0,0.35587,0.106365,0.106527,0.483459,0.0446889,0.106446
4,1.0,465.0,0.343799,0.104615,0.104307,0.436361,0.0436091,0.104461
4,1.0,470.0,0.33111,0.102348,0.102182,0.390292,0.0426721,0.102265
4,1.0,475.0,0.319112,0.0988727,0.0991048,0.350983,0.0415092,0.09898875
4,1.0,480.0,0.306952,0.0956,0.0952566,0.314009,0.0402339,0.0954283
4,1.0,485.0,0.295518,0.0919926,0.0924426,0.280467,0.0386906,0.0922176
4,1.0,490.0,0.283386,0.088319,0.0886137,0.248235,0.0372265,0.08846635
4,1.0,495.0,0.2725,0.0844222,0.0842578,0.221866,0.0354566,0.08434
4,1.0,500.0,0.261593,0.0801821,0.0804311,0.197004,0.0336566,0.0803066
4,1.0,505.0,0.250705,0.0759463,0.0759362,0.174727,0.032004,0.07594124999999999
4,1.0,510.0,0.240747,0.0715658,0.0717993,0.155843,0.0302027,0.07168255
4,1.0,515.0,0.230569,0.0674749,0.067603,0.137708,0.0284403,0.06753895
4,1.0,520.0,0.221037,0.0630018,0.0631321,0.122998,0.0267323,0.06306695
4,1.0,525.0,0.211627,0.0589033,0.0588887,0.109254,0.0251184,0.058896000000000004
4,1.0,530.0,0.202904,0.0549572,0.0548352,0.097547,0.0234675,0.0548962
4,1.0,535.0,0.194415,0.0510898,0.0512076,0.0868284,0.0218949,0.0511487
4,1.0,540.0,0.186301,0.0475301,0.047561,0.0774689,0.0204191,0.04754555
4,1.0,545.0,0.178695,0.0441079,0.0442074,0.0694047,0.0190316,0.04415765
4,1.0,550.0,0.171238,0.0408771,0.0408463,0.062178,0.0177056,0.0408617
4,1.0,555.0,0.164441,0.0379324,0.037902,0.0559741,0.0164796,0.0379172
4,1.0,560.0,0.157855,0.0351529,0.0351085,0.0503951,0.0153299,0.0351307
4,1.0,565.0,0.151767,0.0325884,0.0326085,0.0455866,0.0142862,0.03259845
4,1.0,570.0,0.14591,0.0302486,0.0301581,0.0412752,0.0132716,0.03020335
4,1.0,575.0,0.140487,0.0280591,0.028038,0.0375207,0.0123689,0.02804855
4,1.0,580.0,0.135326,0.0261005,0.0260162,0.0341425,0.0115211,0.02605835
4,1.0,585.0,0.130542,0.0242575,0.0242227,0.0312144,0.0107418,0.0242401
4,1.0,590.0,0.126061,0.0226129,0.0225684,0.0286131,0.010039,0.022590649999999997
4,1.0,595.0,0.121897,0.0210826,0.0211227,0.0263042,0.00939699,0.02110265
4,1.0,600.0,0.117923,0.0197144,0.0196888,0.0242503,0.00879408,0.0197016
4,1.0,605.0,0.114263,0.0184483,0.0184588,0.0224342,0.00825946,0.01845355
4,1.0,610.0,0.110852,0.0173389,0.0172954,0.0208076,0.00775813,0.01731715
4,1.0,615.0,0.107606,0.016276,0.0162657,0.0193258,0.00730133,0.01627085
4,1.0,620.0,0.10455,0.0152979,0.015299,0.018012,0.00687685,0.01529845
4,1.0,625.0,0.101707,0.0144048,0.0144154,0.0168457,0.00648875,0.0144101
4,1.0,630.0,0.0990454,0.0136083,0.0136156,0.0157724,0.00613768,0.013611950000000001
4,1.0,635.0,0.0965302,0.0128689,0.012873,0.0148022,0.00580945,0.01287095
4,1.0,640.0,0.0941486,0.0121888,0.012205,0.0138941,0.00550417,0.0121969
4,1.0,645.0,0.0919191,0.0115574,0.0115668,0.0131119,0.0052289,0.0115621
4,1.0,650.0,0.0898282,0.0109793,0.0109937,0.0123844,0.00497273,0.0109865
4,1.0,655.0,0.0878397,0.0104525,0.0104509,0.0117102,0.0047299,0.010451700000000001
4,1.0,660.0,0.0859825,0.00996012,0.00996284,0.0111048,0.00451307,0.00996148
4,1.0,665.0,0.0842385,0.00951155,0.00950385,0.0105542,0.0043109,0.009507700000000001
4,1.0,670.0,0.082581,0.00908881,0.0090865,0.0100398,0.00412188,0.009087655
4,1.0,675.0,0.0809953,0.00869223,0.00869449,0.00956392,0.00394542,0.00869336
4,1.0,680.0,0.0794856,0.00832643,0.00832301,0.00912106,0.00377781,0.00832472
4,1.0,685.0,0.0780692,0.00798355,0.00798316,0.0087215,0.00362716,0.007983355000000001
4,1.0,690.0,0.076746,0.00767307,0.00767139,0.00834583,0.00348461,0.00767223
4,1.0,695.0,0.0754525,0.00737237,0.00737192,0.00799546,0.00334996,0.007372145
4,1.0,700.0,0.0742406,0.00709574,0.0070963,0.00767019,0.00322438,0.00709602
4,1.0,705.0,0.0730867,0.006832,0.00683756,0.00737439,0.00310908,0.00683478
4,1.0,710.0,0.0719495,0.00658802,0.0065861,0.00707919,0.0029946,0.0065870600000000005
4,1.0,715.0,0.0708976,0.00635661,0.0063565,0.00681742,0.00288997,0.006356555
4,1.0,720.0,0.0698976,0.00614567,0.00613978,0.00657154,0.0027949,0.006142725
4,1.0,725.0,0.0689331,0.00593665,0.00593795,0.00634109,0.00270153,0.0059372999999999995
4,1.0,730.0,0.0680262,0.00574668,0.00574846,0.00612476,0.00261476,0.0057475700000000005
4,1.0,735.0,0.0671404,0.00556646,0.00556456,0.00591849,0.00253206,0.005565509999999999
4,1.0,740.0,0.0662915,0.00539321,0.00539341,0.00572505,0.00245459,0.00539331
4,1.0,745.0,0.065469,0.00523134,0.00522587,0.00554034,0.00237915,0.005228605
4,1.0,750.0,0.0646889,0.00507231,0.00507614,0.00536772,0.00230901,0.005074225
4,1.0,755.0,0.0639463,0.00493072,0.00492761,0.00520539,0.00224354,0.004929165
4,1.0,760.0,0.0632289,0.00478998,0.00479232,0.00504967,0.00218028,0.00479115
4,1.0,765.0,0.0625433,0.00465846,0.00465679,0.00490977,0.00212152,0.004657625
4,1.0,770.0,0.0618738,0.00453059,0.00453682,0.00476539,0.00206397,0.004533705
4,1.0,775.0,0.0612483,0.00441335,0.00441605,0.00463803,0.00200973,0.004414700000000001
4,1.0,780.0,0.0606255,0.00430073,0.00430158,0.00450909,0.00195752,0.004301155
4,1.0,785.0,0.0600335,0.00419289,0.00419202,0.00439114,0.00190858,0.004192455
4,1.0,790.0,0.0594662,0.00408901,0.00409017,0.00427849,0.00186209,0.00408959
4,1.0,795.0,0.0589078,0.00399011,0.00398887,0.00416936,0.00181624,0.00398949
4,1.0,800.0,0.0583695,0.00389306,0.00389487,0.00406584,0.00177302,0.003893965
4,1.0,805.0,0.057861,0.00380434,0.00380389,0.00396784,0.00173172,0.003804115
4,1.0,810.0,0.0573593,0.00371584,0.00371711,0.0038739,0.00169219,0.0037164750000000003
4,1.0,815.0,0.0568778,0.00363351,0.00363453,0.00378207,0.00165421,0.00363402
4,1.0,820.0,0.0564153,0.00355278,0.00355573,0.00369694,0.00161811,0.003554255
4,1.0,825.0,0.0559608,0.00347865,0.00347729,0.00361241,0.00158322,0.00347797
4,1.0,830.0,0.0555231,0.00340283,0.00340425,0.00353431,0.00154956,0.00340354
4,1.0,835.0,0.0550908,0.00333106,0.0033333,0.0034564,0.00151713,0.0033321799999999997
4,1.0,840.0,0.0546803,0.00326425,0.00326282,0.00338414,0.00148576,0.0032635349999999997
4,1.0,845.0,0.0542902,0.00319936,0.00319889,0.00331456,0.00145629,0.0031991249999999997
4,1.0,850.0,0.0538973,0.00313566,0.00313508,0.00324596,0.00142714,0.00313537
4,1.0,855.0,0.0535236,0.00307419,0.00307483,0.00318168,0.00139956,0.00307451
4,1.0,860.0,0.0531583,0.00301639,0.00301683,0.00311758,0.00137304,0.00301661
4,1.0,865.0,0.052804,0.00295986,0.00296039,0.00305725,0.00134743,0.002960125
4,1.0,870.0,0.0524625,0.00290513,0.00290543,0.00300035,0.0013225,0.00290528
4,1.0,875.0,0.0521252,0.00285251,0.00285279,0.00294282,0.00129795,0.00285265
4,1.0,880.0,0.0517928,0.00280081,0.00280131,0.0028881,0.00127472,0.00280106
4,1.0,885.0,0.0514736,0.00275086,0.00275084,0.00283717,0.0012523,0.00275085
4,1.0,890.0,0.0511671,0.00270484,0.00270389,0.00278517,0.0012308,0.0027043650000000002
4,1.0,895.0,0.0508676,0.00265936,0.00265721,0.00273686,0.00121005,0.002658285
4,1.0,900.0,0.050572,0.00261249,0.00261387,0.00268904,0.00118891,0.0026131799999999997
4,1.0,905.0,0.0502761,0.00256809,0.00256933,0.00264296,0.0011691,0.00256871
4,1.0,910.0,0.0500044,0.00252799,0.00252754,0.00259912,0.00115057,0.002527765
4,1.0,915.0,0.0497378,0.00248681,0.00248735,0.00255774,0.00113215,0.00248708
4,1.0,920.0,0.0494705,0.00244842,0.0024476,0.00251488,0.00111417,0.00244801
4,1.0,925.0,0.0492082,0.00240932,0.00240923,0.0024744,0.00109648,0.002409275
4,1.0,930.0,0.0489502,0.00237189,0.00237212,0.00243388,0.0010792,0.002372005
4,1.0,935.0,0.0487097,0.00233616,0.00233725,0.00239614,0.00106293,0.0023367049999999997
4,1.0,940.0,0.0484685,0.00230144,0.00230113,0.0023601,0.00104701,0.002301285
4,1.0,945.0,0.0482379,0.00226738,0.00226752,0.00232519,0.0010316,0.00226745
4,1.0,950.0,0.048001,0.00223389,0.00223401,0.00228969,0.00101658,0.00223395
4,1.0,955.0,0.0477785,0.0022022,0.00220197,0.00225569,0.00100174,0.0022020850000000003
4,1.0,960.0,0.0475575,0.0021702,0.00217101,0.00222329,0.000987804,0.002170605
4,1.0,965.0,0.0473433,0.00214085,0.00214055,0.00219039,0.000973837,0.0021407
4,1.0,970.0,0.0471386,0.00211076,0.00211177,0.00216023,0.000960359,0.002111265
4,1.0,975.0,0.0469289,0.00208166,0.00208256,0.00212974,0.000947258,0.00208211
4,1.0,980.0,0.04673,0.00205405,0.00205429,0.00210052,0.000934422,0.00205417
4,1.0,985.0,0.0465237,0.00202566,0.00202622,0.00207114,0.000921582,0.00202594
4,1.0,990.0,0.0463385,0.00199973,0.00199976,0.00204443,0.000909891,0.001999745
4,1.0,995.0,0.0461419,0.00197309,0.00197312,0.00201605,0.000897267,0.001973105
4,1.0,1000.0,0.045967,0.00194826,0.00194853,0.00199109,0.000886347,0.001948395
6,1.5,0.0,1.0,0.0,0.0,-0.0,-0.0,0.0
6,1.5,5.0,0.996228,0.0570467,0.0575211,2.28546e-05,1.94777e-05,0.0572839
6,1.5,10.0,0.992437,0.0574166,0.0574288,4.62099e-05,3.93779e-05,0.0574227
6,1.5,15.0,0.988626,0.0573007,0.0576116,6.9797e-05,5.9477e-05,0.05745615
6,1.5,20.0,0.984796,0.0578522,0.0577426,9.42596e-05,8.0052e-05,0.0577974
6,1.5,25.0,0.980945,0.0578742,0.0580165,0.00011899,0.000101095,0.05794535
6,1.5,30.0,0.977074,0.0584107,0.0583397,0.000144424,0.000122355,0.0583752
6,1.5,35.0,0.973183,0.0586013,0.058427,0.000169923,0.000144016,0.05851415
6,1.5,40.0,0.96927,0.0584974,0.0590985,0.00019687,0.000166343,0.05879795
6,1.5,45.0,0.965338,0.0590535,0.0589989,0.000223594,0.000188482,0.0590262
6,1.5,50.0,0.961382,0.0592595,0.0591255,0.000250711,0.000211463,0.059192499999999995
6,1.5,55.0,0.957406,0.0596857,0.0591768,0.000278275,0.000234391,0.059431250000000005
6,1.5,60.0,0.953408,0.0597182,0.0596863,0.000307594,0.000258634,0.05970225
6,1.5,65.0,0.949386,0.0599537,0.0598129,0.000336738,0.000283027,0.0598833
6,1.5,70.0,0.945347,0.060029,0.0602015,0.000365981,0.000306943,0.060115249999999995
6,1.5,75.0,0.941279,0.0603397,0.0605804,0.000396244,0.000331613,0.06046005
6,1.5,80.0,0.937191,0.0610222,0.0608489,0.000429617,0.00035813,0.06093555
6,1.5,85.0,0.933075,0.0607428,0.0609968,0.000459631,0.000383654,0.0608698
6,1.5,90.0,0.928941,0.061048,0.0612648,0.000492018,0.000410106,0.0611564
6,1.5,95.0,0.924784,0.0612361,0.0616555,0.00052428,0.000436086,0.0614458
6,1.5,100.0,0.920596,0.0617027,0.0618183,0.000558997,0.000464008,0.061760499999999996
6,1.5,105.0,0.916395,0.0622789,0.0618883,0.000593521,0.000491768,0.0620836
6,1.5,110.0,0.912171,0.0621945,0.0620349,0.000627884,0.000519878,0.062114699999999995
6,1.5,115.0,0.907909,0.0622368,0.0621455,0.000662923,0.000548906,0.06219115
6,1.5,120.0,0.903629,0.0630306,0.062845,0.000702295,0.000578309,0.0629378
6,1.5,125.0,0.899327,0.0629113,0.062774,0.000736561,0.000606747,0.06284265
6,1.5,130.0,0.89499,0.0633428,0.0633771,0.000777535,0.000639163,0.06335995
6,1.5,135.0,0.890637,0.0634147,0.0636772,0.00081685,0.00066928,0.06354595
6,1.5,140.0,0.886246,0.0636042,0.0636957,0.000855524,0.000701556,0.06364995
6,1.5,145.0,0.881842,0.0637528,0.0640833,0.000897736,0.000735074,0.06391805
6,1.5,150.0,0.877417,0.0642554,0.0642956,0.00094172,0.000766065,0.0642755
6,1.5,155.0,0.872946,0.0643894,0.0644511,0.000982394,0.000800336,0.06442025
6,1.5,160.0,0.868461,0.0644601,0.0649419,0.00102689,0.000834931,0.06470100000000001
6,1.5,165.0,0.863938,0.0650249,0.0652893,0.00107071,0.000867937,0.0651571
6,1.5,170.0,0.859404,0.0656115,0.0651125,0.00111706,0.000903848,0.065362
6,1.5,175.0,0.85483,0.0655421,0.0659376,0.00116375,0.000939403,0.06573985
6,1.5,180.0,0.850226,0.0656666,0.065761,0.0012155,0.000978586,0.0657138
6,1.5,185.0,0.845618,0.0660531,0.0663298,0.00125921,0.00101227,0.06619145
6,1.5,190.0,0.840938,0.0665573,0.0663625,0.00131874,0.00105706,0.0664599
6,1.5,195.0,0.836259,0.0669725,0.0668431,0.00136922,0.00109289,0.0669078
6,1.5,200.0,0.831543,0.0669793,0.0669604,0.00141639,0.00113301,0.06696985
6,1.5,205.0,0.826799,0.0672501,0.0676025,0.00147287,0.00117295,0.0674263
6,1.5,210.0,0.822016,0.0678592,0.0677637,0.00152953,0.00121608,0.06781145
6,1.5,215.0,0.817205,0.0676586,0.0680598,0.00158895,0.00125938,0.06785920000000001
6,1.5,220.0,0.812364,0.0679561,0.0683285,0.00164918,0.00130262,0.0681423
6,1.5,225.0,0.807487,0.0685402,0.0683893,0.00171137,0.00134862,0.06846474999999999
6,1.5,230.0,0.802563,0.0684057,0.0687328,0.00177135,0.00139552,0.06856925
6,1.5,235.0,0.797616,0.0691681,0.069287,0.00184254,0.00144353,0.06922755
6,1.5,240.0,0.792644,0.0695873,0.0695609,0.00190499,0.00149175,0.0695741
6,1.5,245.0,0.787606,0.0697191,0.0699706,0.00197916,0.00154537,0.06984485
6,1.5,250.0,0.782553,0.0699506,0.0699978,0.00205006,0.00159543,0.0699742
6,1.5,255.0,0.777453,0.0705876,0.0702353,0.00212528,0.00164933,0.07041145
6,1.5,260.0,0.772314,0.0706916,0.0708722,0.00220549,0.00170404,0.0707819
6,1.5,265.0,0.767166,0.0711197,0.0710363,0.00228302,0.00175802,0.071078
6,1.5,270.0,0.761962,0.0713331,0.0713066,0.00235286,0.00181118,0.07131984999999999
6,1.5,275.0,0.756666,0.0717379,0.0716693,0.00244409,0.0018768,0.0717036
6,1.5,280.0,0.751322,0.0721445,0.0716874,0.00253808,0.0019447,0.07191595
6,1.5,285.0,0.745984,0.0721904,0.0726135,0.00263168,0.00200407,0.07240194999999999
6,1.5,290.0,0.740606,0.0727691,0.0728728,0.00271574,0.00206522,0.07282095
6,1.5,295.0,0.73515,0.0731393,0.0730869,0.00282176,0.00213392,0.0731131
6,1.5,300.0,0.729607,0.0738311,0.0735135,0.00292794,0.00220974,0.0736723
6,1.5,305.0,0.724062,0.073583,0.073761,0.00302989,0.00227956,0.07367199999999999
6,1.5,310.0,0.718432,0.0741989,0.0737855,0.00313782,0.00236026,0.07399220000000001
6,1.5,315.0,0.712774,0.0745598,0.0745847,0.00326844,0.00244678,0.07457225
6,1.5,320.0,0.707043,0.0748862,0.0749679,0.0033865,0.00252119,0.07492705
6,1.5,325.0,0.701281,0.0750972,0.0754976,0.00350778,0.00259925,0.0752974
6,1.5,330.0,0.695411,0.0760064,0.0755593,0.00364375,0.00269222,0.07578285
6,1.5,335.0,0.689501,0.0759991,0.0764793,0.00379065,0.00278703,0.07623920000000001
6,1.5,340.0,0.683519,0.0765952,0.0770718,0.00393248,0.00287616,0.0768335
6,1.5,345.0,0.677465,0.0769553,0.07681,0.0040725,0.00297344,0.07688265
6,1.5,350.0,0.671304,0.0775397,0.077079,0.00424851,0.00309619,0.07730935
6,1.5,355.0,0.665115,0.0781502,0.0778483,0.0044314,0.00320168,0.07799924999999999
6,1.5,360.0,0.65884,0.078169,0.0781114,0.00460099,0.00332434,0.07814019999999999
6,1.5,365.0,0.652488,0.078536,0.0790038,0.00480013,0.00344805,0.0787699
6,1.5,370.0,0.646074,0.0789664,0.078945,0.00497902,0.00356066,0.0789557
6,1.5,375.0,0.639537,0.0797534,0.0792582,0.00518609,0.00370055,0.0795058
6,1.5,380.0,0.632943,0.0802413,0.0801828,0.00543974,0.00383569,0.08021205000000001
6,1.5,385.0,0.626255,0.0804391,0.0805608,0.00567476,0.00398777,0.08049995
6,1.5,390.0,0.619424,0.0812258,0.081065,0.00593868,0.00415478,0.0811454
6,1.5,395.0,0.612508,0.0815526,0.0821115,0.00630683,0.00436302,0.08183205
6,1.5,400.0,0.60553,0.0824842,0.0823188,0.00660955,0.00454117,0.08240149999999999
6,1.5,405.0,0.598416,0.0825431,0.0824648,0.00683038,0.00468833,0.08250394999999999
6,1.5,410.0,0.59118,0.0828935,0.0831899,0.00719439,0.00490288,0.0830417
6,1.5,415.0,0.583774,0.0837844,0.0838518,0.00767737,0.0051612,0.0838181
6,1.5,420.0,0.576342,0.0847819,0.0842943,0.0080362,0.00537967,0.0845381
6,1.5,425.0,0.568703,0.0853686,0.0853896,0.0086578,0.00569422,0.0853791
6,1.5,430.0,0.560874,0.0857901,0.0858731,3.17005,0.00603464,0.0858316
6,1.5,435.0,0.552918,0.0865617,0.0863768,2.5338,0.00651907,0.08646925
6,1.5,440.0,0.544836,0.0872604,0.0874581,2.58919,0.00690389,0.08735925
6,1.5,445.0,0.536616,0.0877703,0.0882529,1.36144,0.00730548,0.0880116
6,1.5,450.0,0.52812,0.0884394,0.0888248,2.40087,0.00797388,0.08863209999999999
6,1.5,455.0,0.519324,0.0903785,0.0901573,2.71204,0.00876957,0.0902679
6,1.5,460.0,0.510386,0.0906694,0.0912618,2.44279,0.00956361,0.09096560000000001
6,1.5,465.0,0.501255,0.0922866,0.0918788,2.43516,0.0102651,0.09208269999999999
6,1.5,470.0,0.491619,0.0937362,0.093144,2.3045,0.0116818,0.0934401
6,1.5,475.0,0.481736,0.094684,0.094808,2.21791,0.013238,0.094746
6,1.5,480.0,0.471522,0.0965592,0.0956122,2.08615,0.0146853,0.0960857
6,1.5,485.0,0.460831,0.0976892,0.0978015,1.96685,0.0167344,0.09774535000000001
6,1.5,490.0,0.449884,0.0996003,0.0995468,1.80075,0.0184608,0.09957355000000001
6,1.5,495.0,0.438271,0.101313,0.101372,1.71994,0.0211428,0.1013425
6,1.5,500.0,0.426364,0.10335,0.102653,1.59836,0.0234748,0.1030015
6,1.5,505.0,0.41356,0.105447,0.105207,1.47153,0.026676,0.105327
6,1.5,510.0,0.400421,0.107123,0.107408,1.35599,0.0297829,0.1072655
6,1.5,515.0,0.386357,0.109888,0.109617,1.23366,0.0330531,0.1097525
6,1.5,520.0,0.37201,0.111151,0.110868,1.11833,0.0359954,0.1110095
6,1.5,525.0,0.356982,0.11284,0.113123,1.00237,0.0389463,0.1129815
6,1.5,530.0,0.341594,0.113768,0.113153,0.893412,0.0415643,0.11346049999999999
6,1.5,535.0,0.32562,0.113388,0.113737,0.787823,0.0438469,0.11356250000000001
6,1.5,540.0,0.309428,0.112483,0.113194,0.688352,0.0452877,0.11283850000000001
6,1.5,545.0,0.293078,0.110913,0.111296,0.596206,0.0460897,0.1111045
6,1.5,550.0,0.277229,0.108458,0.109036,0.513242,0.0458635,0.108747
6,1.5,555.0,0.261406,0.105076,0.104298,0.43928,0.0452059,0.104687
6,1.5,560.0,0.245833,0.100129,0.100156,0.372395,0.0437732,0.1001425
6,1.5,565.0,0.230959,0.0949025,0.0950876,0.314513,0.0417788,0.09499505
6,1.5,570.0,0.21631,0.0891206,0.0890063,0.263791,0.0395899,0.08906344999999999
6,1.5,575.0,0.202495,0.0828564,0.0827299,0.220949,0.0370247,0.08279315
6,1.5,580.0,0.189488,0.0762661,0.0760946,0.185406,0.0343536,0.07618035000000001
6,1.5,585.0,0.177359,0.0697737,0.0699366,0.155354,0.0315221,0.06985515
6,1.5,590.0,0.166006,0.0636505,0.0635892,0.130586,0.0288981,0.06361985
6,1.5,595.0,0.155757,0.0576939,0.0579331,0.110471,0.0262607,0.057813500000000004
6,1.5,600.0,0.146114,0.0522009,0.0523504,0.0937189,0.0238752,0.05227565
6,1.5,605.0,0.13745,0.0473887,0.0472584,0.0800412,0.0216369,0.04732355
6,1.5,610.0,0.129473,0.042832,0.0427481,0.0687022,0.0195932,0.042790049999999996
6,1.5,615.0,0.122294,0.0387778,0.0387748,0.0594129,0.0177759,0.0387763
6,1.5,620.0,0.115769,0.0351036,0.035128,0.0518633,0.0161466,0.0351158
6,1.5,625.0,0.109859,0.0319443,0.0319034,0.0454763,0.0146801,0.031923850000000004
6,1.5,630.0,0.104447,0.0290583,0.0290296,0.0401713,0.0133903,0.02904395
6,1.5,635.0,0.0995754,0.0265578,0.0265509,0.0356644,0.0122431,0.026554349999999997
6,1.5,640.0,0.0951147,0.0243431,0.0243267,0.0318342,0.0112226,0.0243349
6,1.5,645.0,0.0910914,0.0223542,0.0223327,0.0286873,0.0103225,0.02234345
6,1.5,650.0,0.0873928,0.0206161,0.0205857,0.0258924,0.00950502,0.0206009
6,1.5,655.0,0.0840847,0.0190612,0.0190664,0.0235778,0.0088007,0.0190638
6,1.5,660.0,0.0810109,0.017683,0.017682,0.0215374,0.0081669,0.0176825
6,1.5,665.0,0.0782329,0.016461,0.0164565,0.0197966,0.00760552,0.01645875
6,1.5,670.0,0.0756245,0.0153618,0.0153505,0.0182132,0.00708925,0.015356149999999999
6,1.5,675.0,0.0732661,0.0143815,0.014368,0.0168577,0.00663066,0.01437475
6,1.5,680.0,0.0710698,0.0134708,0.0134672,0.0156897,0.00622243,0.013469
6,1.5,685.0,0.0690418,0.0126693,0.0126644,0.0146197,0.00584702,0.01266685
6,1.5,690.0,0.0671752,0.0119481,0.0119563,0.0136603,0.00551157,0.0119522
6,1.5,695.0,0.0654147,0.0112926,0.0112979,0.0127934,0.0052074,0.01129525
6,1.5,700.0,0.0637645,0.0106752,0.0106888,0.0120282,0.00492391,0.010682
6,1.5,705.0,0.0622749,0.0101374,0.0101355,0.0113636,0.0046753,0.01013645
6,1.5,710.0,0.0608522,0.00963983,0.00962505,0.010739,0.00444177,0.009632439999999999
6,1.5,715.0,0.0595297,0.00917268,0.00917479,0.0101724,0.00422782,0.009173735
6,1.5,720.0,0.0582805,0.00875017,0.00875351,0.00964794,0.00403013,0.00875184
6,1.5,725.0,0.0571244,0.00836912,0.00836016,0.00918114,0.00385035,0.00836464
6,1.5,730.0,0.0560256,0.00800211,0.00800287,0.00875368,0.00368441,0.008002490000000001
6,1.5,735.0,0.0549771,0.00766414,0.00766186,0.00835614,0.00352732,0.007663
6,1.5,740.0,0.054014,0.00735633,0.00735746,0.00799573,0.00338615,0.0073568950000000004
6,1.5,745.0,0.053069,0.00706558,0.00706868,0.00764383,0.00325015,0.00706713
6,1.5,750.0,0.0521813,0.00679491,0.00679175,0.00733084,0.00312365,0.00679333
6,1.5,755.0,0.0513641,0.00654878,0.00654809,0.00703998,0.00301013,0.006548435
6,1.5,760.0,0.050578,0.00631002,0.00631676,0.00677108,0.00290057,0.00631339
6,1.5,765.0,0.0498236,0.00609352,0.00609147,0.00651626,0.00279707,0.006092495
6,1.5,770.0,0.0491112,0.00588664,0.0058847,0.00628377,0.00270284,0.00588567
6,1.5,775.0,0.0484255,0.00568834,0.00568871,0.00606519,0.00261197,0.005688525
6,1.5,780.0,0.0477817,0.00551031,0.00550825,0.00585569,0.00252822,0.00550928
6,1.5,785.0,0.0471569,0.00533457,0.00533609,0.00566177,0.00244819,0.00533533
6,1.5,790.0,0.0465663,0.0051757,0.00517268,0.00547757,0.00237298,0.00517419
6,1.5,795.0,0.0459981,0.00502013,0.00501913,0.00530637,0.0023015,0.005019630000000001
6,1.5,800.0,0.0454464,0.00487538,0.00487081,0.00514149,0.00223416,0.004873095
6,1.5,805.0,0.044933,0.00473653,0.00473752,0.00498896,0.00217062,0.004737025000000001
6,1.5,810.0,0.0444303,0.00460464,0.00460388,0.00484665,0.00211049,0.004604260000000001
6,1.5,815.0,0.0439412,0.00447939,0.00447805,0.00470659,0.00205254,0.00447872
6,1.5,820.0,0.0434843,0.00436149,0.00436282,0.0045756,0.00199797,0.0043621549999999995
6,1.5,825.0,0.0430395,0.00424953,0.00424791,0.0044534,0.00194604,0.004248719999999999
6,1.5,830.0,0.0426152,0.00414189,0.00414351,0.00433468,0.00189616,0.0041427
6,1.5,835.0,0.0422026,0.00404058,0.00403896,0.00422429,0.00184955,0.00403977
6,1.5,840.0,0.0418071,0.0039418,0.00394094,0.00411996,0.00180454,0.00394137
6,1.5,845.0,0.0414185,0.00384936,0.00384909,0.00401307,0.00176128,0.003849225
6,1.5,850.0,0.0410554,0.00375996,0.0037597,0.00392,0.00172063,0.00375983
6,1.5,855.0,0.0406865,0.00367229,0.00367393,0.00382397,0.00168083,0.0036731100000000003
6,1.5,860.0,0.0403455,0.00359261,0.00359096,0.00373555,0.00164244,0.003591785
6,1.5,865.0,0.0400133,0.00351332,0.00351425,0.0036512,0.00160695,0.003513785
6,1.5,870.0,0.0396872,0.00343792,0.00343752,0.00356992,0.00157211,0.00343772
6,1.5,875.0,0.0393772,0.00336704,0.00336507,0.00349205,0.00153888,0.0033660549999999997
6,1.5,880.0,0.0390722,0.00329689,0.00329662,0.003416,0.00150682,0.003296755
6,1.5,885.0,0.038777,0.0032283,0.00322979,0.00334445,0.00147518,0.003229045
6,1.5,890.0,0.0384929,0.00316501,0.0031643,0.00327699,0.00144662,0.0031646549999999997
6,1.5,895.0,0.0382161,0.00310275,0.00310305,0.0032102,0.00141816,0.0031029
6,1.5,900.0,0.0379483,0.00304381,0.0030434,0.00314556,0.00139044,0.003043605
6,1.5,905.0,0.0376841,0.00298481,0.00298567,0.00308391,0.0013636,0.00298524
6,1.5,910.0,0.0374318,0.00292889,0.0029306,0.00302499,0.00133803,0.002929745
6,1.5,915.0,0.0371858,0.00287818,0.00287552,0.00296674,0.00131357,0.0028768500000000002
6,1.5,920.0,0.0369507,0.00282625,0.0028245,0.00291321,0.0012902,0.002825375
6,1.5,925.0,0.036722,0.00277469,0.00277689,0.00286089,0.00126731,0.00277579
6,1.5,930.0,0.0364818,0.00272549,0.0027256,0.00280748,0.00124447,0.0027255450000000002
6,1.5,935.0,0.0362732,0.00268149,0.00268002,0.00275938,0.00122385,0.002680755
6,1.5,940.0,0.0360506,0.00263407,0.00263346,0.00271118,0.00120231,0.0026337649999999997
6,1.5,945.0,0.0358451,0.00259119,0.00258974,0.00266577,0.00118277,0.002590465
6,1.5,950.0,0.0356363,0.00254775,0.00254806,0.00261892,0.00116289,0.002547905
6,1.5,955.0,0.0354412,0.00250706,0.00250688,0.00257687,0.00114444,0.00250697
6,1.5,960.0,0.0352509,0.00246746,0.00246835,0.00253429,0.00112598,0.002467905
6,1.5,965.0,0.0350607,0.00242898,0.00242908,0.00249384,0.00110859,0.00242903
6,1.5,970.0,0.0348703,0.00239118,0.00239036,0.00245328,0.00109094,0.00239077
6,1.5,975.0,0.0346912,0.00235451,0.00235454,0.002415,0.00107431,0.002354525
6,1.5,980.0,0.0345169,0.00231883,0.00231892,0.00237876,0.00105797,0.0023188749999999998
6,1.5,985.0,0.0343457,0.00228461,0.00228543,0.00234201,0.00104241,0.00228502
6,1.5,990.0,0.034174,0.00225117,0.00225132,0.00230592,0.00102666,0.002251245
6,1.5,995.0,0.0340111,0.0022176,0.00221939,0.00227282,0.00101184,0.002218495
6,1.5,1000.0,0.0338555,0.00218756,0.0021877,0.00223992,0.000997463,0.00218763
7,2.0,0.0,1.0,0.0,0.0,-0.0,-0.0,0.0
7,2.0,5.0,0.996402,0.0570908,0.0573193,2.00551e-05,1.75169e-05,0.05720504999999999
7,2.0,10.0,0.992785,0.0572963,0.0572733,4.06312e-05,3.54231e-05,0.0572848
7,2.0,15.0,0.989151,0.0579277,0.0579168,6.14153e-05,5.35089e-05,0.057922249999999995
7,2.0,20.0,0.985498,0.0578894,0.0578795,8.2599e-05,7.19027e-05,0.057884450000000004
7,2.0,25.0,0.981827,0.0583699,0.0579552,0.000104077,9.04781e-05,0.05816255
7,2.0,30.0,0.978137,0.0580974,0.0581911,0.000126398,0.000109893,0.05814425
7,2.0,35.0,0.974428,0.0582113,0.0587744,0.000148423,0.000128953,0.05849285
7,2.0,40.0,0.970697,0.0587368,0.0586381,0.00017153,0.000149085,0.05868745
7,2.0,45.0,0.96695,0.0595211,0.0588212,0.000195026,0.000168908,0.05917115
7,2.0,50.0,0.963177,0.0589441,0.0594462,0.000219218,0.000189699,0.05919515
7,2.0,55.0,0.959388,0.0595062,0.059654,0.000243849,0.000210431,0.0595801
7,2.0,60.0,0.955581,0.0596007,0.0597447,0.0002678,0.000231189,0.059672699999999995
7,2.0,65.0,0.951753,0.0595374,0.0595868,0.000292278,0.000252633,0.0595621
7,2.0,70.0,0.947898,0.0602819,0.0600861,0.000319299,0.000274938,0.060184
7,2.0,75.0,0.944022,0.060466,0.0600138,0.000345866,0.000297443,0.0602399
7,2.0,80.0,0.940128,0.0605064,0.0604934,0.000372069,0.00032039,0.0604999
7,2.0,85.0,0.936217,0.0606165,0.0607875,0.000397802,0.000342206,0.060702
7,2.0,90.0,0.932278,0.0608432,0.0609886,0.000426401,0.000366169,0.060915899999999995
7,2.0,95.0,0.928319,0.0610503,0.0608788,0.000455279,0.000389788,0.06096455
7,2.0,100.0,0.924331,0.0613715,0.0615254,0.000483455,0.000414053,0.06144845
7,2.0,105.0,0.920329,0.061791,0.0618952,0.000515075,0.000440258,0.0618431
7,2.0,110.0,0.916305,0.0621817,0.0619941,0.000543934,0.000463636,0.0620879
7,2.0,115.0,0.912259,0.0618533,0.0621692,0.000573968,0.000488952,0.062011250000000004
7,2.0,120.0,0.908177,0.0624897,0.0625229,0.000604374,0.000515408,0.0625063
7,2.0,125.0,0.904077,0.0628954,0.0624572,0.000635273,0.000539989,0.0626763
7,2.0,130.0,0.899953,0.0630691,0.0627043,0.000670738,0.000568751,0.0628867
7,2.0,135.0,0.895812,0.0630782,0.0634591,0.000703138,0.000595533,0.06326865000000001
7,2.0,140.0,0.891638,0.0629099,0.0631403,0.000733917,0.00062131,0.0630251
7,2.0,145.0,0.887442,0.0632212,0.0638074,0.000771855,0.000652571,0.0635143
7,2.0,150.0,0.883215,0.0636236,0.0637265,0.0008064,0.000680387,0.06367505000000001
7,2.0,155.0,0.87898,0.0641214,0.0644561,0.000843325,0.000710305,0.06428875
7,2.0,160.0,0.874705,0.0642364,0.0643629,0.000879224,0.000740359,0.06429965
7,2.0,165.0,0.870403,0.0644309,0.064728,0.000915898,0.000769851,0.06457945
7,2.0,170.0,0.86609,0.0650015,0.0652446,0.000955564,0.000797795,0.06512305
7,2.0,175.0,0.861729,0.0651883,0.0650039,0.000994787,0.000832144,0.0650961
7,2.0,180.0,0.85736,0.0651574,0.0655752,0.00103222,0.000861719,0.0653663
7,2.0,185.0,0.852952,0.0661158,0.0654102,0.00107835,0.00089746,0.065763
7,2.0,190.0,0.848514,0.0661401,0.0662175,0.00112212,0.000931042,0.0661788
7,2.0,195.0,0.844056,0.0666959,0.0661156,0.00116223,0.000964851,0.06640575
7,2.0,200.0,0.839557,0.0669714,0.0665973,0.00121101,0.00100166,0.06678434999999999
7,2.0,205.0,0.835034,0.0667034,0.067106,0.0012537,0.0010347,0.0669047
7,2.0,210.0,0.830503,0.0669305,0.0673623,0.00129846,0.00107182,0.0671464
7,2.0,215.0,0.825919,0.0679725,0.0670256,0.00134666,0.00110959,0.06749905
7,2.0,220.0,0.821294,0.0676539,0.0673423,0.00139077,0.00114506,0.0674981
7,2.0,225.0,0.816636,0.0678785,0.0678339,0.00144839,0.00118729,0.0678562
7,2.0,230.0,0.811961,0.0683621,0.0680543,0.0014962,0.00122671,0.0682082
7,2.0,235.0,0.807263,0.0686165,0.0686902,0.0015483,0.00126472,0.06865335
7,2.0,240.0,0.802511,0.0690934,0.0684684,0.00160091,0.00130898,0.0687809
7,2.0,245.0,0.797718,0.0693585,0.0695675,0.00166545,0.0013516,0.069463
7,2.0,250.0,0.792899,0.0696036,0.0697841,0.00172048,0.00139691,0.06969385
7,2.0,255.0,0.788046,0.0693063,0.0702033,0.00177611,0.00143997,0.0697548
7,2.0,260.0,0.783151,0.0706008,0.0697226,0.00183738,0.00148693,0.0701617
7,2.0,265.0,0.778222,0.0709669,0.0703,0.00190576,0.00153373,0.07063345
7,2.0,270.0,0.77325,0.071057,0.0707181,0.00196741,0.00158211,0.07088755
7,2.0,275.0,0.768226,0.0703837,0.0712589,0.00203758,0.00163725,0.0708213
7,2.0,280.0,0.763205,0.0713677,0.071411,0.00210326,0.00168504,0.07138935
7,2.0,285.0,0.758073,0.0720714,0.0716598,0.00217156,0.00173757,0.0718656
7,2.0,290.0,0.752911,0.0719359,0.0714773,0.00225021,0.00179811,0.0717066
7,2.0,295.0,0.747719,0.0722803,0.072625,0.00233278,0.00185449,0.07245265000000001
7,2.0,300.0,0.742479,0.0730834,0.0725252,0.00240764,0.00191341,0.0728043
7,2.0,305.0,0.737182,0.0733462,0.0729875,0.00249037,0.00197205,0.07316685
7,2.0,310.0,0.731862,0.0731837,0.0736193,0.00258664,0.00203767,0.07340150000000001
7,2.0,315.0,0.726482,0.0737167,0.0733814,0.00266158,0.00209435,0.07354905
7,2.0,320.0,0.721007,0.0739183,0.0741805,0.00275006,0.00216382,0.0740494
7,2.0,325.0,0.715513,0.0745696,0.0747448,0.00285711,0.00223599,0.0746572
7,2.0,330.0,0.709957,0.0747706,0.0748744,0.00294956,0.00230171,0.0748225
7,2.0,335.0,0.704352,0.0750567,0.0754267,0.00305827,0.00237518,0.0752417
7,2.0,340.0,0.698635,0.0757133,0.0754483,0.00316651,0.00245479,0.0755808
7,2.0,345.0,0.692896,0.0758589,0.0764439,0.00328974,0.0025404,0.07615140000000001
7,2.0,350.0,0.68713,0.0760477,0.076203,0.00337756,0.00260802,0.07612535000000001
7,2.0,355.0,0.681168,0.0764236,0.0769027,0.00351411,0.00270976,0.07666315
7,2.0,360.0,0.675243,0.0770685,0.0771444,0.00364712,0.00279751,0.07710644999999999
7,2.0,365.0,0.66925,0.0772303,0.0772081,0.00377319,0.00288327,0.0772192
7,2.0,370.0,0.66312,0.0779222,0.0777371,0.0039126,0.0029784,0.07782965
7,2.0,375.0,0.656958,0.0781115,0.0782172,0.00407318,0.00308682,0.07816435
7,2.0,380.0,0.650692,0.0783761,0.0782865,0.00421454,0.00319151,0.07833129999999999
7,2.0,385.0,0.644375,0.0795431,0.0786123,0.00438123,0.00330343,0.0790777
7,2.0,390.0,0.637947,0.0800678,0.0798319,0.00454676,0.00340162,0.07994984999999999
7,2.0,395.0,0.6314,0.0796276,0.0800873,0.00474638,0.00354686,0.07985745
7,2.0,400.0,0.624818,0.0804135,0.0802353,0.00493298,0.00366442,0.08032439999999999
7,2.0,405.0,0.618037,0.0806582,0.0815256,0.00516955,0.00381626,0.0810919
7,2.0,410.0,0.611286,0.0809893,0.0811492,0.00534343,0.00394324,0.08106925000000001
7,2.0,415.0,0.604334,0.0815651,0.0822574,0.00556861,0.00409427,0.08191124999999999
7,2.0,420.0,0.597337,0.0821061,0.0826506,0.0058432,0.00427046,0.08237835
7,2.0,425.0,0.590211,0.0831614,0.0829962,0.00610297,0.00442103,0.08307880000000001
7,2.0,430.0,0.582908,0.0826802,0.0832845,0.00638315,0.0046196,0.08298235
7,2.0,435.0,0.575563,0.0839654,0.0839866,0.00669613,0.00478354,0.083976
7,2.0,440.0,0.568016,0.0844181,0.0847391,0.00703733,0.00503229,0.0845786
7,2.0,445.0,0.560411,0.0848946,0.0848594,0.00736032,0.00521213,0.08487700000000001
7,2.0,450.0,0.552634,0.085185,0.085769,0.00774123,0.00544892,0.085477
7,2.0,455.0,0.544588,0.0860773,0.0863676,0.0081698,0.00573062,0.08622245
7,2.0,460.0,0.536487,0.0871161,0.0870533,3.9068,0.00617749,0.0870847
7,2.0,465.0,0.528206,0.0876955,0.0876171,0.0102572,0.00657406,0.08765629999999999
7,2.0,470.0,0.519751,0.0884127,0.0888384,0.0107615,0.00690256,0.08862555
7,2.0,475.0,0.511165,0.0883671,0.0887843,0.0104512,0.00709217,0.08857570000000001
7,2.0,480.0,0.502184,0.0897026,0.0897646,2.87963,0.00765948,0.0897336
7,2.0,485.0,0.493078,0.0905984,0.0907102,2.99043,0.00815707,0.0906543
7,2.0,490.0,0.483633,0.092029,0.0920457,1.20841,0.00921671,0.09203734999999999
7,2.0,495.0,0.474125,0.0922477,0.0921316,2.27831,0.00953588,0.09218965
7,2.0,500.0,0.464027,0.0938255,0.0932674,2.43659,0.0107686,0.09354645
7,2.0,505.0,0.453811,0.0950676,0.0946629,2.47846,0.0120295,0.09486525
7,2.0,510.0,0.443193,0.0960341,0.0962346,2.3249,0.0130811,0.09613435000000001
7,2.0,515.0,0.431787,0.0984264,0.0975833,2.15263,0.0154505,0.09800485
7,2.0,520.0,0.420097,0.0996647,0.0997247,1.97394,0.0173879,0.0996947
7,2.0,525.0,0.408618,0.10091,0.101021,1.88639,0.0188484,0.1009655
7,2.0,530.0,0.395352,0.103478,0.103422,1.73449,0.0222091,0.10345
7,2.0,535.0,0.381994,0.105464,0.105249,1.59049,0.0253537,0.10535649999999999
7,2.0,540.0,0.367027,0.1086,0.108703,1.43687,0.0297304,0.1086515
7,2.0,545.0,0.352463,0.109857,0.110118,1.29631,0.0329352,0.10998749999999999
7,2.0,550.0,0.336424,0.111471,0.111602,1.15413,0.0369862,0.11153650000000001
7,2.0,555.0,0.319249,0.113504,0.114057,1.00947,0.0411396,0.1137805
7,2.0,560.0,0.30304,0.113,0.113337,0.884806,0.0430695,0.1131685
7,2.0,565.0,0.284732,0.112484,0.113835,0.75406,0.046342,0.1131595
7,2.0,570.0,0.266264,0.111227,0.111473,0.635356,0.04807,0.11135
7,2.0,575.0,0.248934,0.107287,0.109011,0.533404,0.0477681,0.108149
7,2.0,580.0,0.230599,0.103573,0.104055,0.436715,0.047238,0.10381399999999999
7,2.0,585.0,0.214047,0.0975643,0.0979145,0.359938,0.0453191,0.0977394
7,2.0,590.0,0.19761,0.0916489,0.0909823,0.291017,0.0425637,0.0913156
7,2.0,595.0,0.182662,0.0841797,0.0843122,0.236098,0.0393611,0.08424595
7,2.0,600.0,0.168529,0.0762039,0.0760744,0.192114,0.0360892,0.07613915
7,2.0,605.0,0.156031,0.0691292,0.0693429,0.156239,0.0326136,0.06923605
7,2.0,610.0,0.144334,0.0621204,0.0619699,0.127652,0.0293064,0.06204515
7,2.0,615.0,0.134029,0.0554863,0.0554387,0.105596,0.0262738,0.0554625
7,2.0,620.0,0.124782,0.0496008,0.0496684,0.0877199,0.0234197,0.0496346
7,2.0,625.0,0.116532,0.0442688,0.044344,0.0738117,0.0209095,0.044306399999999996
7,2.0,630.0,0.10926,0.0397834,0.0396957,0.0627081,0.018769,0.03973955
7,2.0,635.0,0.102679,0.0356862,0.035689,0.0535973,0.0168338,0.0356876
7,2.0,640.0,0.0968633,0.0320983,0.0321674,0.0463658,0.0151466,0.032132850000000004
7,2.0,645.0,0.0917368,0.0291435,0.0290825,0.040426,0.0136706,0.029113
7,2.0,650.0,0.0870816,0.0264102,0.0263622,0.0356091,0.0123952,0.0263862
7,2.0,655.0,0.0830331,0.0240982,0.0241198,0.0316334,0.0112934,0.024109
7,2.0,660.0,0.0792336,0.0220246,0.0220021,0.0282384,0.0103109,0.02201335
7,2.0,665.0,0.0759126,0.0202316,0.0202593,0.0254171,0.00946602,0.020245449999999998
7,2.0,670.0,0.0728874,0.0186611,0.0186793,0.0230189,0.00871463,0.018670199999999998
7,2.0,675.0,0.0701678,0.0172764,0.0172899,0.0210058,0.00806395,0.01728315
7,2.0,680.0,0.0676791,0.0160717,0.0160606,0.0192331,0.00749247,0.01606615
7,2.0,685.0,0.0653852,0.0149451,0.014952,0.0177228,0.00696938,0.01494855
7,2.0,690.0,0.0632976,0.0139799,0.0139745,0.0163842,0.00651855,0.0139772
7,2.0,695.0,0.0613806,0.0131123,0.0131054,0.0151903,0.00609997,0.01310885
7,2.0,700.0,0.0596315,0.012323,0.012331,0.0141562,0.00572381,0.012327000000000001
7,2.0,705.0,0.0579954,0.011608,0.0116145,0.0132442,0.00539295,0.01161125
7,2.0,710.0,0.0564986,0.0109769,0.0109823,0.012423,0.0050993,0.010979599999999999
7,2.0,715.0,0.0550733,0.0103865,0.010384,0.0116736,0.00481459,0.010385249999999999
7,2.0,720.0,0.0537658,0.00986755,0.00984504,0.0110021,0.00456442,0.009856295
7,2.0,725.0,0.052552,0.00937627,0.00936503,0.0104054,0.00433618,0.009370650000000001
7,2.0,730.0,0.0514163,0.0089241,0.00892183,0.00986829,0.00412709,0.008922965000000001
7,2.0,735.0,0.0503345,0.00850532,0.00851416,0.00936621,0.00393449,0.00850974
7,2.0,740.0,0.0493493,0.00813955,0.00814406,0.00891518,0.0037636,0.008141805
7,2.0,745.0,0.0484162,0.00779665,0.00779361,0.00850383,0.00360031,0.00779513
7,2.0,750.0,0.0475193,0.00746622,0.00746363,0.0081256,0.00344558,0.007464925
7,2.0,755.0,0.0466829,0.00717215,0.00717443,0.00776271,0.00330895,0.007173290000000001
7,2.0,760.0,0.0458808,0.00688347,0.00689074,0.00744153,0.00317539,0.006887105
7,2.0,765.0,0.0451453,0.00663595,0.00663479,0.00713946,0.00305778,0.00663537
7,2.0,770.0,0.0444372,0.00639077,0.00639247,0.0068667,0.00294679,0.00639162
7,2.0,775.0,0.0437586,0.00616703,0.00616658,0.0065983,0.00283946,0.006166805
7,2.0,780.0,0.043123,0.00595968,0.00594922,0.00636011,0.00274088,0.00595445
7,2.0,785.0,0.0425211,0.00575483,0.005757,0.00613817,0.00264844,0.005755915
7,2.0,790.0,0.0419354,0.00556743,0.00557046,0.00592204,0.00256117,0.0055689450000000005
7,2.0,795.0,0.0413762,0.00539122,0.00539058,0.00572286,0.00247875,0.0053909000000000006
7,2.0,800.0,0.0408589,0.00523372,0.005227,0.0055343,0.00240313,0.00523036
7,2.0,805.0,0.040332,0.00506349,0.00506688,0.00535864,0.0023277,0.005065185
7,2.0,810.0,0.039857,0.00491993,0.00491998,0.00519266,0.00225879,0.004919955
7,2.0,815.0,0.0393925,0.00477862,0.00478225,0.00503587,0.00219546,0.0047804349999999995
7,2.0,820.0,0.0389422,0.00464777,0.00464021,0.00488987,0.00213241,0.00464399
7,2.0,825.0,0.0385219,0.0045204,0.00451971,0.00474956,0.00207422,0.004520055
7,2.0,830.0,0.0381161,0.00440092,0.004399,0.0046201,0.00201922,0.00439996
7,2.0,835.0,0.0377117,0.00428592,0.00428341,0.00449016,0.00196616,0.004284665
7,2.0,840.0,0.0373347,0.00417553,0.00417762,0.0043701,0.00191534,0.004176575
7,2.0,845.0,0.03697,0.00407044,0.00407373,0.00425787,0.00186695,0.004072085
7,2.0,850.0,0.0366203,0.00397714,0.00397237,0.00414773,0.00182128,0.003974755
7,2.0,855.0,0.0362789,0.00388,0.0038795,0.0040451,0.00177833,0.0038797500000000004
7,2.0,860.0,0.035951,0.00378931,0.00378769,0.00394727,0.0017357,0.0037885
7,2.0,865.0,0.0356318,0.00370119,0.00369923,0.00385379,0.00169424,0.00370021
7,2.0,870.0,0.0353368,0.00362058,0.00361952,0.00376641,0.00165825,0.00362005
7,2.0,875.0,0.0350358,0.0035371,0.00354093,0.00368,0.00162085,0.003539015
7,2.0,880.0,0.0347416,0.00346138,0.00346351,0.00359352,0.00158509,0.0034624449999999998
7,2.0,885.0,0.0344733,0.00339107,0.00338959,0.00351819,0.00155265,0.00339033
7,2.0,890.0,0.0342087,0.00332139,0.00332167,0.00344027,0.00151928,0.00332153
7,2.0,895.0,0.0339487,0.0032548,0.00325444,0.00336579,0.00148777,0.0032546199999999997
7,2.0,900.0,0.033687,0.00318632,0.00318494,0.00329898,0.00145767,0.00318563
7,2.0,905.0,0.03345,0.00312455,0.00312423,0.00323321,0.00142932,0.00312439
7,2.0,910.0,0.0332042,0.00306311,0.00306334,0.00316615,0.00140141,0.003063225
7,2.0,915.0,0.0329803,0.0030065,0.0030047,0.00310611,0.00137474,0.0030055999999999998
7,2.0,920.0,0.0327606,0.00295071,0.00294905,0.00304697,0.00134851,0.00294988
7,2.0,925.0,0.0325358,0.00289472,0.00289385,0.00298858,0.00132334,0.002894285
7,2.0,930.0,0.0323241,0.00284321,0.0028426,0.00293118,0.00129944,0.0028429049999999997
7,2.0,935.0,0.0321262,0.002793,0.00279323,0.00287927,0.00127592,0.0027931149999999997
7,2.0,940.0,0.0319227,0.00274433,0.00274284,0.00282742,0.00125357,0.0027435849999999998
7,2.0,945.0,0.0317355,0.00269673,0.0026994,0.002778,0.00123258,0.002698065
7,2.0,950.0,0.0315337,0.00265037,0.00265087,0.00272725,0.00121103,0.0026506200000000002
7,2.0,955.0,0.0313538,0.00260682,0.00260743,0.0026814,0.00119105,0.002607125
7,2.0,960.0,0.0311692,0.00256284,0.00256476,0.00263445,0.00117066,0.0025637999999999998
7,2.0,965.0,0.0310023,0.00252429,0.00252256,0.00259245,0.0011521,0.002523425
7,2.0,970.0,0.03083,0.00248296,0.00248245,0.00255065,0.00113382,0.002482705
7,2.0,975.0,0.0306589,0.00244295,0.00244332,0.00250848,0.00111556,0.002443135
7,2.0,980.0,0.0304982,0.00240595,0.00240581,0.00246853,0.00109844,0.00240588
7,2.0,985.0,0.0303487,0.00237009,0.00237116,0.0024315,0.00108243,0.0023706250000000003
7,2.0,990.0,0.0301811,0.00233246,0.00233291,0.00239246,0.001065,0.002332685
7,2.0,995.0,0.0300376,0.00229893,0.00229953,0.00235727,0.00104959,0.00229923
7,2.0,1000.0,0.02989,0.00226585,0.00226564,0.00232142,0.00103393,0.002265745
9,2.5,0.0,1.0,0.0,0.0,-0.0,-0.0,0.0
9,2.5,5.0,0.99663,0.057236,0.057358,1.67707e-05,1.51718e-05,0.057297
9,2.5,10.0,0.993242,0.0571434,0.0573358,3.38729e-05,3.06673e-05,0.0572396
9,2.5,15.0,0.989839,0.057772,0.0576214,5.13584e-05,4.63899e-05,0.057696700000000004
9,2.5,20.0,0.986419,0.057662,0.0579385,6.88783e-05,6.22377e-05,0.05780025
9,2.5,25.0,0.982981,0.0583177,0.0579277,8.69811e-05,7.84921e-05,0.0581227
9,2.5,30.0,0.979526,0.0580574,0.0582215,0.000105361,9.52362e-05,0.05813945
9,2.5,35.0,0.976054,0.0583075,0.0582954,0.000123865,0.000111763,0.05830145
9,2.5,40.0,0.972564,0.0586954,0.0583484,0.000142497,0.000128702,0.0585219
9,2.5,45.0,0.969056,0.0591587,0.0590131,0.000162435,0.000146017,0.0590859
9,2.5,50.0,0.965531,0.0590956,0.0588383,0.000182247,0.000164052,0.058966950000000004
9,2.5,55.0,0.961988,0.0591588,0.0589355,0.000201412,0.000181181,0.05904715
9,2.5,60.0,0.958423,0.0595377,0.0595475,0.000222444,0.000199753,0.0595426
9,2.5,65.0,0.954843,0.0596532,0.0594073,0.000242995,0.000218289,0.05953025000000001
9,2.5,70.0,0.95124,0.0600146,0.0598705,0.000263752,0.000236481,0.05994255
9,2.5,75.0,0.94762,0.059865,0.060142,0.000285426,0.00025589,0.0600035
9,2.5,80.0,0.943979,0.060235,0.0599791,0.000307496,0.000275652,0.060107049999999995
9,2.5,85.0,0.940317,0.0603944,0.0605094,0.000329517,0.00029518,0.0604519
9,2.5,90.0,0.93664,0.0608892,0.0605918,0.000353031,0.000315467,0.0607405
9,2.5,95.0,0.932938,0.0611875,0.0609038,0.000375341,0.000335357,0.06104565
9,2.5,100.0,0.929214,0.0608917,0.0610889,0.000398755,0.000356289,0.0609903
9,2.5,105.0,0.925476,0.0615955,0.0611717,0.000422689,0.00037717,0.061383599999999996
9,2.5,110.0,0.92171,0.0617666,0.0619012,0.000447975,0.000398812,0.0618339
9,2.5,115.0,0.917928,0.0619267,0.0619563,0.00047146,0.000419687,0.0619415
9,2.5,120.0,0.914123,0.0623743,0.0616323,0.00049488,0.000440932,0.0620033
9,2.5,125.0,0.910292,0.062267,0.0620859,0.000521884,0.000464344,0.06217645
9,2.5,130.0,0.906436,0.0626151,0.0626587,0.000549186,0.00048814,0.0626369
9,2.5,135.0,0.902568,0.0630212,0.0627581,0.000575836,0.00051117,0.06288964999999999
9,2.5,140.0,0.89867,0.0629132,0.0632693,0.000603965,0.00053551,0.06309125
9,2.5,145.0,0.894752,0.0634722,0.0635898,0.000632071,0.000559923,0.063531
9,2.5,150.0,0.890807,0.0633779,0.0639976,0.00065905,0.000582956,0.06368775
9,2.5,155.0,0.886833,0.0631843,0.063676,0.000687158,0.000609031,0.06343014999999999
9,2.5,160.0,0.882837,0.0643602,0.0640501,0.000718922,0.000634991,0.06420515
9,2.5,165.0,0.878839,0.0644203,0.0641352,0.000747587,0.000658165,0.06427775
9,2.5,170.0,0.874782,0.064463,0.0641008,0.000777548,0.000685425,0.0642819
9,2.5,175.0,0.870718,0.0649166,0.0646371,0.000809072,0.00071217,0.06477685
9,2.5,180.0,0.866636,0.0648709,0.0650275,0.000842498,0.000740305,0.0649492
9,2.5,185.0,0.86252,0.0650018,0.0648123,0.000872671,0.000766162,0.06490705
9,2.5,190.0,0.858378,0.0653244,0.0653621,0.00090701,0.000795036,0.06534325
9,2.5,195.0,0.854196,0.0656934,0.0655124,0.00093998,0.000823917,0.06560289999999999
9,2.5,200.0,0.849997,0.0665347,0.0659081,0.000977236,0.000855322,0.0662214
9,2.5,205.0,0.845769,0.0665545,0.0664307,0.00101181,0.000883708,0.0664926
9,2.5,210.0,0.841511,0.0665943,0.0665675,0.00105266,0.000916939,0.0665809
9,2.5,215.0,0.83722,0.0670832,0.0668486,0.00108568,0.000945666,0.0669659
9,2.5,220.0,0.832904,0.0670096,0.0674736,0.00112422,0.000977635,0.0672416
9,2.5,225.0,0.828561,0.0677108,0.0673838,0.00116336,0.00100966,0.0675473
9,2.5,230.0,0.824186,0.0676601,0.0674191,0.00120012,0.00104422,0.0675396
9,2.5,235.0,0.819772,0.0677768,0.0678067,0.00124497,0.00107997,0.06779175
9,2.5,240.0,0.815339,0.0684195,0.0679132,0.00128815,0.00111523,0.06816635
9,2.5,245.0,0.810863,0.0691749,0.068606,0.00133297,0.0011507,0.06889044999999999
9,2.5,250.0,0.806347,0.0690638,0.0689515,0.00137866,0.00118788,0.06900765
9,2.5,255.0,0.801814,0.0690432,0.0685009,0.00142036,0.00122388,0.06877205
9,2.5,260.0,0.797227,0.0690615,0.0691478,0.0014657,0.00126232,0.06910464999999999
9,2.5,265.0,0.792608,0.0699538,0.0695709,0.00151322,0.00130187,0.06976235
9,2.5,270.0,0.787961,0.0698168,0.0698972,0.00156036,0.00134046,0.069857
9,2.5,275.0,0.783266,0.0697882,0.0701595,0.00161052,0.0013824,0.06997385
9,2.5,280.0,0.778538,0.0708221,0.0704839,0.00166793,0.00142585,0.070653
9,2.5,285.0,0.773741,0.0708535,0.0712804,0.00172436,0.00147536,0.07106694999999999
9,2.5,290.0,0.768956,0.0713277,0.0715319,0.00177238,0.00151162,0.07142979999999999
9,2.5,295.0,0.764066,0.0715315,0.072019,0.00183124,0.00155891,0.07177525
9,2.5,300.0,0.759157,0.0721826,0.0718079,0.00189855,0.0016128,0.07199525
9,2.5,305.0,0.754231,0.0723796,0.0721994,0.00194854,0.00165501,0.0722895
9,2.5,310.0,0.749231,0.0724251,0.0725073,0.00201358,0.00170684,0.07246620000000001
9,2.5,315.0,0.744167,0.0729968,0.0728235,0.00207949,0.00175999,0.07291015
9,2.5,320.0,0.739082,0.0730777,0.0731993,0.00214569,0.00181213,0.0731385
9,2.5,325.0,0.733918,0.0731866,0.0733907,0.0022151,0.00186797,0.07328865000000001
9,2.5,330.0,0.728738,0.0737716,0.0736675,0.00227829,0.00192001,0.07371955
9,2.5,335.0,0.723467,0.0737048,0.0736621,0.00235541,0.0019851,0.07368345
9,2.5,340.0,0.718141,0.0745609,0.0742805,0.00242931,0.00204216,0.0744207
9,2.5,345.0,0.712772,0.0743933,0.0747616,0.00251389,0.00210455,0.07457744999999999
9,2.5,350.0,0.707354,0.0749503,0.0750581,0.00260037,0.00217278,0.0750042
9,2.5,355.0,0.701863,0.0755112,0.0755815,0.00268183,0.00223741,0.07554635
9,2.5,360.0,0.696299,0.0757658,0.0755113,0.00276285,0.00229979,0.07563855
9,2.5,365.0,0.690657,0.0764579,0.0765532,0.00287293,0.00238224,0.07650555
9,2.5,370.0,0.684948,0.076819,0.0761838,0.00296586,0.00246105,0.0765014
9,2.5,375.0,0.679207,0.0772911,0.0773621,0.00307087,0.00253473,0.0773266
9,2.5,380.0,0.673369,0.0774256,0.0774049,0.00316701,0.00261423,0.07741524999999999
9,2.5,385.0,0.667467,0.0778411,0.0780441,0.00327466,0.00269849,0.0779426
9,2.5,390.0,0.661421,0.077786,0.0785329,0.00339714,0.00279046,0.07815944999999999
9,2.5,395.0,0.655381,0.0785312,0.0787266,0.00350488,0.00287117,0.0786289
9,2.5,400.0,0.649199,0.079591,0.0792686,0.00364145,0.00297145,0.0794298
9,2.5,405.0,0.642984,0.0793769,0.0796469,0.00376243,0.00306146,0.0795119
9,2.5,410.0,0.636643,0.0799326,0.0797131,0.00390763,0.00317627,0.07982285
9,2.5,415.0,0.630203,0.0804522,0.0802204,0.00406109,0.00328916,0.0803363
9,2.5,420.0,0.6237,0.0807402,0.0809153,0.00421234,0.00340017,0.08082775
9,2.5,425.0,0.617117,0.0806316,0.0809728,0.00435069,0.00350693,0.08080219999999999
9,2.5,430.0,0.610293,0.0817534,0.0814818,0.00452528,0.00363928,0.0816176
9,2.5,435.0,0.603485,0.0818526,0.0817883,0.00470783,0.0037726,0.08182044999999999
9,2.5,440.0,0.596503,0.0829705,0.0826692,0.00490554,0.00390895,0.08281985
9,2.5,445.0,0.589484,0.0831075,0.0821741,0.00507423,0.0040338,0.0826408
9,2.5,450.0,0.582238,0.0835429,0.0834991,0.00528494,0.00420184,0.08352100000000001
9,2.5,455.0,0.574931,0.0844615,0.0841341,0.00553553,0.00437611,0.0842978
9,2.5,460.0,0.567458,0.0844302,0.0844095,0.00578441,0.0045497,0.08441984999999999
9,2.5,465.0,0.559899,0.085442,0.0847738,0.0060045,0.0047085,0.0851079
9,2.5,470.0,0.552109,0.0854811,0.0846424,0.00628535,0.00491793,0.08506175
9,2.5,475.0,0.544177,0.0854913,0.0856109,0.00657799,0.0051258,0.0855511
9,2.5,480.0,0.536118,0.0859001,0.0868565,0.00692308,0.00535291,0.08637829999999999
9,2.5,485.0,0.527914,0.0872757,0.0868388,0.0072163,0.00556546,0.08705725
9,2.5,490.0,0.519425,0.0874959,0.0876994,0.00765367,0.00584453,0.08759765
9,2.5,495.0,0.510845,0.0883524,0.0878415,0.00802218,0.00612093,0.08809695000000001
9,2.5,500.0,0.502018,0.0884858,0.0890333,0.00848206,0.00644034,0.08875954999999999
9,2.5,505.0,0.493025,0.0890497,0.088721,0.00887658,0.00673635,0.08888535
9,2.5,510.0,0.483699,0.0900054,0.0895377,0.0094725,0.00710635,0.08977155
9,2.5,515.0,0.474212,0.091218,0.0911064,0.0101027,0.0074846,0.0911622
9,2.5,520.0,0.46445,0.0911774,0.091489,0.0108639,0.00797979,0.0913332
9,2.5,525.0,0.45439,0.0921142,0.0912307,0.0116,0.00846398,0.09167244999999999
9,2.5,530.0,0.444102,0.0922799,0.0918829,0.0123315,0.00898024,0.09208140000000001
9,2.5,535.0,0.433388,0.0935171,0.0932891,0.0135965,0.00968888,0.0934031
9,2.5,540.0,0.422321,0.0947242,0.0943973,0.015512,0.0106444,0.09456075
9,2.5,545.0,0.410846,0.0953579,0.0952273,2.88955,0.0113943,0.0952926
9,2.5,550.0,0.398921,0.0969476,0.0970058,1.88505,0.0128105,0.0969767
9,2.5,555.0,0.386495,0.097877,0.0982276,2.31209,0.0143377,0.09805230000000001
9,2.5,560.0,0.373466,0.0995805,0.0994882,2.40611,0.0159834,0.09953435
9,2.5,565.0,0.359573,0.101178,0.101649,2.20246,0.019148,0.1014135
9,2.5,570.0,0.344654,0.103684,0.104223,1.98116,0.0227768,0.1039535
9,2.5,575.0,0.329082,0.106162,0.105875,1.77822,0.0267584,0.1060185
9,2.5,580.0,0.312213,0.107717,0.107905,1.56817,0.0316158,0.10781099999999999
9,2.5,585.0,0.293778,0.111177,0.111496,1.35242,0.0377039,0.1113365
9,2.5,590.0,0.274054,0.112799,0.11298,1.14468,0.0434158,0.1128895
9,2.5,595.0,0.253164,0.114026,0.113183,0.945319,0.049329,0.1136045
9,2.5,600.0,0.23186,0.112206,0.112633,0.762212,0.0527949,0.1124195
9,2.5,605.0,0.210182,0.108357,0.1082,0.598802,0.0539872,0.1082785
9,2.5,610.0,0.189159,0.102553,0.102539,0.459487,0.0529496,0.102546
9,2.5,615.0,0.169874,0.0947057,0.0946729,0.34922,0.0493341,0.0946893
9,2.5,620.0,0.152269,0.0849115,0.0853558,0.264307,0.0446346,0.08513365
9,2.5,625.0,0.136803,0.0755161,0.0756963,0.200413,0.0393905,0.0756062
9,2.5,630.0,0.123693,0.0665397,0.0668722,0.154161,0.0343476,0.06670595
9,2.5,635.0,0.112462,0.0584737,0.0583112,0.120728,0.0298351,0.05839245
9,2.5,640.0,0.102865,0.0513361,0.0513784,0.0955446,0.0258655,0.05135725
9,2.5,645.0,0.0946973,0.0450258,0.0450396,0.0773397,0.0224331,0.045032699999999995
9,2.5,650.0,0.0877036,0.0396847,0.0396532,0.0637267,0.0196718,0.03966895
9,2.5,655.0,0.0817541,0.0351613,0.0351557,0.0533189,0.0172351,0.035158499999999995
9,2.5,660.0,0.0766523,0.0313496,0.0314044,0.0453571,0.0152844,0.031377
9,2.5,665.0,0.0721552,0.0280787,0.028121,0.0390601,0.0136239,0.028099850000000003
9,2.5,670.0,0.0682732,0.0253187,0.0253596,0.0340832,0.0122185,0.025339149999999998
9,2.5,675.0,0.0648452,0.0230131,0.022991,0.0299688,0.0110167,0.023002050000000003
9,2.5,680.0,0.0618207,0.0209494,0.0209868,0.0266899,0.0100219,0.0209681
9,2.5,685.0,0.0591237,0.0192292,0.0191974,0.0239263,0.00914192,0.0192133
9,2.5,690.0,0.0567093,0.0176715,0.0176553,0.0216557,0.00838324,0.0176634
9,2.5,695.0,0.0545844,0.0163524,0.016341,0.0197531,0.00774512,0.0163467
9,2.5,700.0,0.0526266,0.0151779,0.0151693,0.0180822,0.00717397,0.015173599999999999
9,2.5,705.0,0.0508751,0.0141663,0.0141651,0.0166241,0.00667395,0.0141657
9,2.5,710.0,0.0492509,0.0132355,0.0132345,0.0153764,0.00622273,0.013235
9,2.5,715.0,0.0477656,0.0124149,0.0124187,0.0142645,0.0058248,0.012416799999999999
9,2.5,720.0,0.0464264,0.0116798,0.0117016,0.0133126,0.00547877,0.0116907
9,2.5,725.0,0.0451736,0.0110118,0.0110299,0.0124575,0.00514968,0.01102085
9,2.5,730.0,0.0440284,0.0104365,0.0104101,0.0117121,0.00486933,0.0104233
9,2.5,735.0,0.0429618,0.00987914,0.00987192,0.0110408,0.0046073,0.00987553
9,2.5,740.0,0.0419941,0.00940673,0.00940507,0.0104146,0.0043771,0.0094059
9,2.5,745.0,0.0410542,0.00893731,0.00893944,0.00987096,0.00415772,0.008938375
9,2.5,750.0,0.0401819,0.0085158,0.00852455,0.00937002,0.00396275,0.008520175000000001
9,2.5,755.0,0.0393888,0.00815547,0.00814049,0.00891358,0.00378218,0.008147979999999999
9,2.5,760.0,0.0386297,0.00780376,0.00778542,0.00849796,0.00361332,0.0077945900000000005
9,2.5,765.0,0.0379264,0.00747927,0.00747612,0.00811744,0.00346668,0.0074776949999999995
9,2.5,770.0,0.0372355,0.00716288,0.00717228,0.00775987,0.00331945,0.00716758
9,2.5,775.0,0.036605,0.00688763,0.00688954,0.00744079,0.00318991,0.006888585
9,2.5,780.0,0.0360119,0.00662935,0.00663656,0.00713808,0.00306727,0.006632954999999999
9,2.5,785.0,0.0354246,0.00638444,0.00637961,0.00685537,0.0029504,0.0063820249999999995
9,2.5,790.0,0.0349041,0.00616368,0.00616646,0.00659766,0.00284749,0.00616507
9,2.5,795.0,0.0343804,0.00594887,0.00595169,0.00634956,0.00274679,0.0059502800000000005
9,2.5,800.0,0.033904,0.00575013,0.00575719,0.00612854,0.00265344,0.00575366
9,2.5,805.0,0.0334362,0.00555985,0.00557008,0.00591914,0.00256778,0.005564965
9,2.5,810.0,0.0329944,0.00539343,0.00539254,0.00571433,0.0024862,0.005392985
9,2.5,815.0,0.0325749,0.00522475,0.00522792,0.00553014,0.00240663,0.005226335
9,2.5,820.0,0.0321693,0.00506866,0.00506612,0.00535869,0.00233396,0.00506739
9,2.5,825.0,0.031786,0.00492298,0.0049195,0.00519256,0.00226514,0.00492124
9,2.5,830.0,0.0314078,0.00478085,0.00478326,0.00502862,0.0022,0.004782055
9,2.5,835.0,0.0310602,0.00464813,0.00464724,0.00488943,0.00213743,0.004647685
9,2.5,840.0,0.0307186,0.00452061,0.00452447,0.00474715,0.00207852,0.00452254
9,2.5,845.0,0.0303809,0.00439663,0.00440156,0.00461275,0.00202117,0.0043990950000000004
9,2.5,850.0,0.0300713,0.00428625,0.0042875,0.00448922,0.00196983,0.004286875
9,2.5,855.0,0.0297721,0.00417951,0.00417717,0.00437165,0.00191842,0.00417834
9,2.5,860.0,0.0294764,0.00407438,0.00407322,0.00425798,0.00187095,0.0040738
9,2.5,865.0,0.0291963,0.00397415,0.00397672,0.0041503,0.0018255,0.003975435
9,2.5,870.0,0.0289318,0.00388332,0.00388124,0.00404901,0.00178128,0.00388228
9,2.5,875.0,0.0286711,0.00379338,0.00379216,0.00395147,0.00174096,0.00379277
9,2.5,880.0,0.028416,0.00370685,0.00370177,0.00385942,0.00170019,0.0037043099999999997
9,2.5,885.0,0.0281808,0.00362491,0.00362513,0.00376887,0.00166196,0.0036250199999999996
9,2.5,890.0,0.0279363,0.00354311,0.00354308,0.00368229,0.0016249,0.003543095
9,2.5,895.0,0.0277077,0.00346795,0.0034666,0.00359918,0.00158941,0.0034672749999999997
9,2.5,900.0,0.0274926,0.00339649,0.00339317,0.00352365,0.00155625,0.0033948299999999997
9,2.5,905.0,0.0272782,0.00332551,0.00332621,0.00344575,0.00152409,0.00332586
9,2.5,910.0,0.0270711,0.00325778,0.00325934,0.00337316,0.00149297,0.0032585599999999998
9,2.5,915.0,0.0268719,0.00319218,0.0031942,0.00330499,0.00146243,0.0031931900000000003
9,2.5,920.0,0.02668,0.00313222,0.00312896,0.00324046,0.00143387,0.00313059
9,2.5,925.0,0.026494,0.00307302,0.00307083,0.00317508,0.00140628,0.003071925
9,2.5,930.0,0.026304,0.00301274,0.00301357,0.00311063,0.00137928,0.003013155
9,2.5,935.0,0.0261267,0.00295776,0.00295682,0.00305153,0.00135362,0.00295729
9,2.5,940.0,0.0259476,0.00290169,0.00290257,0.00299191,0.00132762,0.00290213
9,2.5,945.0,0.0257874,0.00284985,0.00285213,0.00294031,0.00130474,0.0028509900000000003
9,2.5,950.0,0.0256212,0.00279941,0.00280034,0.00288682,0.00128139,0.0027998750000000003
9,2.5,955.0,0.0254594,0.00275038,0.00275169,0.00283374,0.00125857,0.002751035
9,2.5,960.0,0.0253009,0.00270359,0.00270352,0.00278217,0.00123631,0.002703555
9,2.5,965.0,0.0251549,0.00265934,0.00265852,0.00273568,0.0012162,0.0026589300000000003
9,2.5,970.0,0.0250054,0.00261555,0.00261365,0.00268757,0.00119528,0.0026146
9,2.5,975.0,0.0248638,0.00257227,0.0025728,0.00264231,0.00117588,0.002572535
9,2.5,980.0,0.0247202,0.00252908,0.00252956,0.00259943,0.00115604,0.00252932
9,2.5,985.0,0.0245871,0.00249122,0.00249156,0.00255497,0.00113823,0.00249139
9,2.5,990.0,0.0244485,0.0024501,0.00245052,0.00251445,0.00111944,0.00245031
9,2.5,995.0,0.0243219,0.00241199,0.00241346,0.00247619,0.00110234,0.002412725
9,2.5,1000.0,0.0241924,0.00237609,0.00237512,0.00243726,0.0010857,0.0023756050000000003
11,3.0,0.0,1.0,0.0,0.0,-0.0,-0.0,0.0
11,3.0,5.0,0.996773,0.0560849,0.0571706,1.48287e-05,1.37828e-05,0.056627750000000004
11,3.0,10.0,0.993529,0.0584527,0.0564233,2.99628e-05,2.78344e-05,0.057438
11,3.0,15.0,0.99027,0.0579015,0.0575138,4.55782e-05,4.21372e-05,0.05770765
11,3.0,20.0,0.986994,0.0569337,0.057461,6.1233e-05,5.67926e-05,0.057197349999999994
11,3.0,25.0,0.983705,0.0573276,0.0581643,7.71184e-05,7.18949e-05,0.057745950000000004
11,3.0,30.0,0.980403,0.0582064,0.0582281,9.27051e-05,8.5601e-05,0.05821725
11,3.0,35.0,0.977073,0.0578425,0.0576379,0.000109891,0.000101745,0.0577402
11,3.0,40.0,0.973735,0.0585192,0.059189,0.000125967,0.000116148,0.0588541
11,3.0,45.0,0.970381,0.059118,0.0586659,0.000143179,0.000131795,0.05889195
11,3.0,50.0,0.967005,0.0594733,0.0582207,0.000160735,0.000148283,0.058847
11,3.0,55.0,0.963614,0.0589537,0.0594141,0.000177812,0.000163862,0.0591839
11,3.0,60.0,0.960195,0.0588296,0.0592839,0.000196449,0.000181236,0.059056750000000005
11,3.0,65.0,0.956784,0.0592688,0.059674,0.000213679,0.000197437,0.0594714
11,3.0,70.0,0.953343,0.0603049,0.0591086,0.000233481,0.000215072,0.05970675
11,3.0,75.0,0.949872,0.0598057,0.0584145,0.000251346,0.00023217,0.0591101
11,3.0,80.0,0.946392,0.0596935,0.0595063,0.000271697,0.00025016,0.0595999
11,3.0,85.0,0.942903,0.0593562,0.0601428,0.000287799,0.000265837,0.0597495
11,3.0,90.0,0.939388,0.0610039,0.0604043,0.000310392,0.000284919,0.0607041
11,3.0,95.0,0.935834,0.0596989,0.0612073,0.000332199,0.000304349,0.060453099999999996
11,3.0,100.0,0.932275,0.0613696,0.0622635,0.000349765,0.000321138,0.06181655
11,3.0,105.0,0.92869,0.0608487,0.0619825,0.000375288,0.000343862,0.0614156
11,3.0,110.0,0.925096,0.0611965,0.0606505,0.000393027,0.00036183,0.060923500000000005
11,3.0,115.0,0.921474,0.0620967,0.062017,0.000418366,0.000380202,0.06205685
11,3.0,120.0,0.917834,0.0623535,0.0603493,0.000435656,0.000400462,0.0613514
11,3.0,125.0,0.914187,0.0633008,0.061853,0.000461439,0.000422777,0.0625769
11,3.0,130.0,0.910497,0.0620859,0.0620692,0.00048686,0.000445696,0.062077549999999995
11,3.0,135.0,0.9068,0.0629062,0.0619416,0.000503376,0.000460607,0.0624239
11,3.0,140.0,0.90307,0.0615765,0.0623604,0.000529175,0.00048315,0.06196845
11,3.0,145.0,0.899344,0.0648552,0.0636145,0.000557809,0.000505279,0.06423485000000001
11,3.0,150.0,0.895563,0.0628305,0.0636791,0.000583703,0.000532322,0.0632548
11,3.0,155.0,0.891757,0.0620609,0.064608,0.00060712,0.000554693,0.06333445
11,3.0,160.0,0.887947,0.064009,0.064225,0.000630463,0.000572621,0.06411700000000001
11,3.0,165.0,0.884124,0.06463,0.064419,0.00065317,0.000597629,0.06452450000000001
11,3.0,170.0,0.880213,0.0640004,0.0639574,0.000685672,0.000622851,0.0639789
11,3.0,175.0,0.876366,0.065022,0.064354,0.000712437,0.000645367,0.064688
11,3.0,180.0,0.872458,0.0649203,0.0660152,0.000734951,0.000665653,0.06546774999999999
11,3.0,185.0,0.868518,0.0633407,0.0663296,0.000765664,0.000694808,0.06483515000000001
11,3.0,190.0,0.864541,0.0644122,0.0647584,0.000793506,0.000722715,0.0645853
11,3.0,195.0,0.860577,0.0653901,0.0654501,0.000823858,0.000748934,0.06542010000000001
11,3.0,200.0,0.856522,0.0654337,0.0662657,0.000849749,0.000768429,0.0658497
11,3.0,205.0,0.852466,0.0651811,0.0661923,0.000884738,0.000803363,0.0656867
11,3.0,210.0,0.848408,0.0657044,0.0669711,0.000920272,0.000831072,0.06633775
11,3.0,215.0,0.844312,0.0658467,0.0678032,0.000948925,0.000857558,0.06682495
11,3.0,220.0,0.840171,0.0676535,0.0660871,0.000984779,0.000888831,0.0668703
11,3.0,225.0,0.836016,0.066907,0.0672068,0.00101409,0.000914566,0.0670569
11,3.0,230.0,0.831867,0.0674293,0.066555,0.00105516,0.000949676,0.06699215
11,3.0,235.0,0.827608,0.0666602,0.0678868,0.00108375,0.000975231,0.0672735
11,3.0,240.0,0.823415,0.0674849,0.0673811,0.00111344,0.00100278,0.06743299999999999
11,3.0,245.0,0.819132,0.068213,0.0692868,0.0011594,0.00103875,0.0687499
11,3.0,250.0,0.814792,0.0682535,0.0675579,0.00120694,0.00108647,0.0679057
11,3.0,255.0,0.810383,0.0689313,0.0694627,0.0012465,0.00111437,0.06919700000000001
11,3.0,260.0,0.806027,0.0705392,0.0681361,0.00127602,0.00113857,0.06933765
11,3.0,265.0,0.801626,0.0693534,0.0685882,0.00131739,0.00118171,0.0689708
11,3.0,270.0,0.797216,0.0687195,0.0690249,0.00135151,0.00120998,0.0688722
11,3.0,275.0,0.792729,0.0689771,0.0697644,0.00138885,0.00124599,0.06937075000000001
11,3.0,280.0,0.788119,0.071381,0.0687367,0.00144189,0.0012924,0.07005885
11,3.0,285.0,0.783574,0.0700387,0.0695127,0.00148488,0.00132465,0.0697757
11,3.0,290.0,0.778972,0.0712199,0.0710084,0.00153951,0.0013729,0.07111415
11,3.0,295.0,0.774298,0.069696,0.0711087,0.00159849,0.0014216,0.07040235
11,3.0,300.0,0.769609,0.0704054,0.0704488,0.00164048,0.00146423,0.0704271
11,3.0,305.0,0.764869,0.0720076,0.0708989,0.00168902,0.00149487,0.07145325
11,3.0,310.0,0.760057,0.0711338,0.0718292,0.00175864,0.00155751,0.0714815
11,3.0,315.0,0.755259,0.072049,0.0730363,0.00180908,0.00159876,0.07254265
11,3.0,320.0,0.750408,0.0724391,0.0730475,0.00186664,0.0016479,0.07274330000000001
11,3.0,325.0,0.74547,0.0728538,0.0730975,0.00190462,0.0016824,0.07297565
11,3.0,330.0,0.740433,0.0733547,0.0732754,0.00196936,0.00173608,0.07331504999999999
11,3.0,335.0,0.735451,0.0727879,0.0739294,0.00201924,0.0017757,0.07335865
11,3.0,340.0,0.730367,0.0756962,0.0738343,0.00209997,0.00184221,0.07476525
11,3.0,345.0,0.7252,0.0735789,0.0727668,0.00215486,0.0018985,0.07317285000000001
11,3.0,350.0,0.720017,0.074285,0.0757951,0.00224651,0.00196603,0.07504005
11,3.0,355.0,0.714726,0.0743277,0.0741343,0.00229553,0.00201046,0.07423099999999999
11,3.0,360.0,0.709466,0.0748232,0.0752589,0.00235859,0.00206066,0.07504105
11,3.0,365.0,0.704112,0.0764005,0.0752778,0.00245098,0.00213096,0.07583915
11,3.0,370.0,0.698579,0.0771509,0.0772619,0.00253258,0.0021963,0.0772064
11,3.0,375.0,0.693119,0.0756179,0.0761959,0.00259697,0.00227179,0.0759069
11,3.0,380.0,0.687507,0.0781695,0.0776833,0.00272539,0.00235616,0.0779264
11,3.0,385.0,0.681785,0.0763835,0.0790259,0.00279522,0.00242067,0.07770469999999999
11,3.0,390.0,0.67616,0.0762972,0.0789385,0.00288023,0.00249478,0.07761784999999999
11,3.0,395.0,0.670349,0.078018,0.0777434,0.00296544,0.00256871,0.0778807
11,3.0,400.0,0.664461,0.0798163,0.0772667,0.00308049,0.0026611,0.0785415
11,3.0,405.0,0.658452,0.0783801,0.0785537,0.00317551,0.00273099,0.0784669
11,3.0,410.0,0.652401,0.0791661,0.0783048,0.00328504,0.00283004,0.07873545
11,3.0,415.0,0.646281,0.0796449,0.078018,0.00339911,0.00292967,0.07883145
11,3.0,420.0,0.640045,0.0799697,0.0800149,0.003532,0.00303655,0.0799923
11,3.0,425.0,0.633696,0.0806478,0.0793682,0.00367134,0.00313789,0.080008
11,3.0,430.0,0.627293,0.0798717,0.0821397,0.00377598,0.00322149,0.0810057
11,3.0,435.0,0.620699,0.082145,0.0831537,0.00396471,0.00337775,0.08264935
11,3.0,440.0,0.614038,0.081455,0.0803145,0.00407278,0.00348258,0.08088475
11,3.0,445.0,0.607307,0.0825773,0.081973,0.00423419,0.00358684,0.08227515
11,3.0,450.0,0.600496,0.0819617,0.0840907,0.00443244,0.00373234,0.0830262
11,3.0,455.0,0.593458,0.0825265,0.0829862,0.00454393,0.00385401,0.08275635
11,3.0,460.0,0.586277,0.0820166,0.0839849,0.00476367,0.00401066,0.08300075
11,3.0,465.0,0.579178,0.0839907,0.0841746,0.00488894,0.00414182,0.08408265000000001
11,3.0,470.0,0.571739,0.0835525,0.0827061,0.00511385,0.00431232,0.0831293
11,3.0,475.0,0.564141,0.0843816,0.0844772,0.00534417,0.00450192,0.0844294
11,3.0,480.0,0.556496,0.0849063,0.0846847,0.00555982,0.00464447,0.0847955
11,3.0,485.0,0.548648,0.0846439,0.0849487,0.00576549,0.00481828,0.08479629999999999
11,3.0,490.0,0.540684,0.0856517,0.0872532,0.00610594,0.00509302,0.08645245
11,3.0,495.0,0.532416,0.0860615,0.0865857,0.00639761,0.00529733,0.0863236
11,3.0,500.0,0.524067,0.0864911,0.0879137,0.00671788,0.00550922,0.0872024
11,3.0,505.0,0.515471,0.0867379,0.0891198,0.00705204,0.00579582,0.08792885
11,3.0,510.0,0.506653,0.0892645,0.0871769,0.00741986,0.00608559,0.0882207
11,3.0,515.0,0.497808,0.089135,0.0882524,0.00770936,0.00632377,0.0886937
11,3.0,520.0,0.488409,0.0896111,0.0873971,0.00814801,0.00669346,0.0885041
11,3.0,525.0,0.479148,0.0901172,0.0894995,0.00857632,0.00699399,0.08980835
11,3.0,530.0,0.469244,0.0897483,0.0898359,0.00915947,0.00744596,0.0897921
11,3.0,535.0,0.459328,0.0913725,0.09311,0.00969924,0.00774408,0.09224125
11,3.0,540.0,0.44897,0.0917164,0.0902238,0.0102974,0.00828554,0.0909701
11,3.0,545.0,0.438267,0.0928728,0.0935289,0.0111353,0.00878963,0.09320085
11,3.0,550.0,0.427396,0.0941724,0.0932613,0.0119733,0.00935275,0.09371685
11,3.0,555.0,0.415966,0.0943026,0.0925603,0.0128355,0.0100293,0.09343145
11,3.0,560.0,0.404052,0.0965049,0.0956884,0.0139839,0.0108511,0.09609665
11,3.0,565.0,0.392027,0.0961248,0.0943604,0.015029,0.0115473,0.0952426
11,3.0,570.0,0.379111,0.097608,0.0960666,0.0169071,0.0128203,0.0968373
11,3.0,575.0,0.36594,0.0972143,0.0957522,0.0186016,0.0139202,0.09648324999999999
11,3.0,580.0,0.352075,0.0987986,0.0968266,0.0206403,0.0153941,0.0978126
11,3.0,585.0,0.337433,0.10196,0.0979948,0.468701,0.0173661,0.0999774
11,3.0,590.0,0.321498,0.100473,0.102385,1.89778,0.0210695,0.101429
11,3.0,595.0,0.304167,0.104262,0.104742,2.01723,0.025548,0.104502
11,3.0,600.0,0.286497,0.106709,0.106335,1.89218,0.0304829,0.106522
11,3.0,605.0,0.265774,0.108825,0.107954,1.60112,0.0383691,0.1083895
11,3.0,610.0,0.243413,0.110083,0.111564,1.30538,0.0481293,0.11082349999999999
11,3.0,615.0,0.22011,0.111219,0.108482,1.03324,0.0554282,0.10985049999999999
11,3.0,620.0,0.193824,0.109521,0.109309,0.763355,0.0615221,0.109415
11,3.0,625.0,0.169966,0.105087,0.104646,0.555677,0.0605722,0.1048665
11,3.0,630.0,0.1477,0.0953726,0.0949657,0.394654,0.0567422,0.09516915000000001
11,3.0,635.0,0.128437,0.0847513,0.0836066,0.277955,0.0498779,0.08417895
11,3.0,640.0,0.113248,0.0732431,0.0736127,0.201048,0.0421128,0.0734279
11,3.0,645.0,0.100313,0.0631144,0.0635046,0.146833,0.0353727,0.06330949999999999
11,3.0,650.0,0.0895772,0.0542042,0.0541801,0.109284,0.0292762,0.05419215
11,3.0,655.0,0.0814171,0.0472658,0.0473563,0.0843764,0.0245551,0.04731104999999999
11,3.0,660.0,0.0746925,0.0412001,0.0408573,0.067994,0.0210603,0.0410287
11,3.0,665.0,0.0689795,0.0360972,0.0357766,0.0554208,0.018114,0.0359369
11,3.0,670.0,0.0644281,0.0319126,0.0319217,0.0465826,0.0158678,0.03191715
11,3.0,675.0,0.060293,0.0282997,0.0284525,0.0394891,0.0140531,0.0283761
11,3.0,680.0,0.0568639,0.0252065,0.0253656,0.0344586,0.0124622,0.025286049999999997
11,3.0,685.0,0.0539357,0.0229292,0.022909,0.0301856,0.0112134,0.022919099999999998
11,3.0,690.0,0.0512872,0.020842,0.0209081,0.0265179,0.0100908,0.02087505
11,3.0,695.0,0.0490159,0.0191708,0.0189925,0.0237454,0.00915292,0.01908165
11,3.0,700.0,0.0469944,0.0175529,0.0175445,0.0214698,0.00841881,0.0175487
11,3.0,705.0,0.0451971,0.0162109,0.016208,0.0195407,0.0077398,0.01620945
11,3.0,710.0,0.043524,0.0149736,0.0150604,0.0178364,0.0071528,0.015016999999999999
11,3.0,715.0,0.042118,0.0140899,0.0140127,0.0164025,0.0066422,0.0140513
11,3.0,720.0,0.0407031,0.0130711,0.0130432,0.01517,0.00616812,0.01305715
11,3.0,725.0,0.0395702,0.0123609,0.0122527,0.0141513,0.00580499,0.0123068
11,3.0,730.0,0.0383914,0.0115262,0.0115892,0.0131363,0.0054389,0.0115577
11,3.0,735.0,0.0374053,0.0108733,0.0109484,0.0123553,0.00512651,0.01091085
11,3.0,740.0,0.0364199,0.010285,0.0102852,0.0116157,0.00483135,0.0102851
11,3.0,745.0,0.0355267,0.00973829,0.00975346,0.0109321,0.00456912,0.009745875000000001
11,3.0,750.0,0.0347124,0.00928572,0.00928298,0.0102862,0.00433648,0.00928435
11,3.0,755.0,0.0339946,0.00886673,0.00886401,0.00977536,0.00414685,0.008865370000000001
11,3.0,760.0,0.0332439,0.00842942,0.0084111,0.00927976,0.00392825,0.008420259999999999
11,3.0,765.0,0.0325698,0.00805754,0.0080471,0.00880565,0.0037487,0.00805232
11,3.0,770.0,0.0319709,0.00771182,0.00773207,0.00840465,0.0035901,0.007721945
11,3.0,775.0,0.031386,0.00741422,0.00739391,0.00803196,0.00344202,0.007404065
11,3.0,780.0,0.030865,0.00710426,0.00713745,0.00770055,0.00330313,0.007120855000000001
11,3.0,785.0,0.0303,0.00683094,0.00680238,0.00737258,0.00315743,0.00681666
11,3.0,790.0,0.0298304,0.00658574,0.0065682,0.00708819,0.00305212,0.00657697
11,3.0,795.0,0.0293778,0.0063643,0.00634863,0.0067931,0.0029385,0.006356465
11,3.0,800.0,0.0289438,0.00613603,0.00613054,0.0065563,0.00284196,0.0061332850000000005
11,3.0,805.0,0.0284882,0.00592051,0.00590301,0.00629966,0.0027373,0.00591176
11,3.0,810.0,0.0280969,0.00570878,0.00572582,0.00608684,0.0026477,0.0057173
11,3.0,815.0,0.0277357,0.00552996,0.00554804,0.00588453,0.00255775,0.0055390000000000005
11,3.0,820.0,0.02737,0.00536183,0.00537776,0.00568156,0.00247915,0.005369795
11,3.0,825.0,0.0270102,0.00520794,0.00519934,0.00548676,0.00239861,0.005203640000000001
11,3.0,830.0,0.0266909,0.00504171,0.00503495,0.0053503,0.00232804,0.00503833
11,3.0,835.0,0.0263468,0.00489802,0.00488828,0.00515579,0.00225513,0.004893150000000001
11,3.0,840.0,0.0260747,0.00476293,0.00476339,0.00501747,0.00219153,0.004763160000000001
11,3.0,845.0,0.0257583,0.00462574,0.00462794,0.00485858,0.00212924,0.00462684
11,3.0,850.0,0.0255021,0.00450043,0.00452017,0.00473068,0.00207459,0.0045103
11,3.0,855.0,0.025204,0.00438932,0.00438494,0.00458219,0.0020178,0.00438713
11,3.0,860.0,0.0249547,0.00428089,0.00426846,0.00446733,0.00196583,0.004274675
11,3.0,865.0,0.0246978,0.00416399,0.00416749,0.00434413,0.00191372,0.00416574
11,3.0,870.0,0.0244794,0.00406883,0.00406731,0.0042433,0.00186783,0.00406807
11,3.0,875.0,0.0242345,0.00396849,0.00396353,0.00413202,0.00182056,0.00396601
11,3.0,880.0,0.0240111,0.00387026,0.00386771,0.00403909,0.00177871,0.003868985
11,3.0,885.0,0.023806,0.00378397,0.0037815,0.00394502,0.00173776,0.003782735
11,3.0,890.0,0.0235873,0.00369238,0.00369862,0.00384528,0.00169619,0.0036955
11,3.0,895.0,0.0234066,0.00362185,0.00361934,0.0037606,0.00165977,0.003620595
11,3.0,900.0,0.0231961,0.00353831,0.00353809,0.0036711,0.00162376,0.0035382
11,3.0,905.0,0.0230021,0.00346186,0.00345669,0.00359098,0.00158732,0.0034592750000000004
11,3.0,910.0,0.0228255,0.00337988,0.00339213,0.00351985,0.00155438,0.003386005
11,3.0,915.0,0.0226586,0.00332723,0.00331788,0.00344253,0.0015245,0.003322555
11,3.0,920.0,0.0224792,0.00326013,0.00324854,0.00336161,0.00148799,0.0032543349999999997
11,3.0,925.0,0.0223193,0.00319142,0.00318755,0.00330143,0.00146162,0.0031894849999999997
11,3.0,930.0,0.0221539,0.00313226,0.00312288,0.00323037,0.00143166,0.00312757
11,3.0,935.0,0.0220027,0.00307261,0.00306923,0.00316369,0.00140372,0.00307092
11,3.0,940.0,0.0218487,0.00300867,0.00301208,0.00310892,0.00137951,0.003010375
11,3.0,945.0,0.0217017,0.00295154,0.00295564,0.00305122,0.00135262,0.00295359
11,3.0,950.0,0.0215674,0.00290285,0.00290089,0.00299783,0.00132918,0.00290187
11,3.0,955.0,0.0214205,0.00284995,0.00285071,0.00293631,0.00130458,0.00285033
11,3.0,960.0,0.0212777,0.00279764,0.0027968,0.00288383,0.00128106,0.00279722
11,3.0,965.0,0.0211466,0.00275374,0.0027486,0.0028285,0.00125888,0.00275117
11,3.0,970.0,0.0210202,0.00270421,0.00270447,0.00278086,0.00123787,0.00270434
11,3.0,975.0,0.0208931,0.0026597,0.00265515,0.00273316,0.00121536,0.0026574249999999997
11,3.0,980.0,0.0207723,0.00261242,0.00261493,0.00268725,0.00119521,0.002613675
11,3.0,985.0,0.0206519,0.00256592,0.00257211,0.00264674,0.00117675,0.002569015
11,3.0,990.0,0.0205337,0.00252529,0.00253082,0.00260131,0.00115779,0.002528055
11,3.0,995.0,0.0204241,0.00248728,0.00249071,0.00255763,0.00113751,0.002488995
11,3.0,1000.0,0.0203098,0.00244839,0.00245138,0.00251473,0.00111944,0.0024498849999999997
13,3.5,0.0,1.0,0.0,0.0,-0.0,-0.0,0.0
13,3.5,5.0,0.99687,0.0580575,0.0575362,1.36853e-05,1.29044e-05,0.05779685
13,3.5,10.0,0.993726,0.0576843,0.0571605,2.77277e-05,2.60879e-05,0.0574224
13,3.5,15.0,0.990567,0.0561559,0.0573882,4.15625e-05,3.92992e-05,0.056772050000000004
13,3.5,20.0,0.987393,0.0582302,0.0582466,5.6069e-05,5.26655e-05,0.0582384
13,3.5,25.0,0.984202,0.0576247,0.0573631,7.11005e-05,6.68765e-05,0.0574939
13,3.5,30.0,0.981002,0.0574425,0.0589423,8.47028e-05,7.98897e-05,0.058192400000000005
13,3.5,35.0,0.97778,0.0587637,0.058924,0.000100463,9.44729e-05,0.05884385
13,3.5,40.0,0.974544,0.0596139,0.0579573,0.000115116,0.000108367,0.0587856
13,3.5,45.0,0.971289,0.0592045,0.0576186,0.000132144,0.000124085,0.05841155
13,3.5,50.0,0.968023,0.05983,0.0585478,0.00014684,0.000137871,0.0591889
13,3.5,55.0,0.964729,0.0597643,0.0594253,0.000163618,0.000153588,0.0595948
13,3.5,60.0,0.961433,0.0591778,0.058858,0.000180869,0.000169895,0.0590179
13,3.5,65.0,0.958109,0.0604483,0.0599568,0.000198164,0.000186216,0.06020255
13,3.5,70.0,0.954773,0.0603042,0.0604302,0.000214215,0.000200556,0.0603672
13,3.5,75.0,0.951414,0.0607308,0.0591163,0.000230811,0.000216534,0.05992355
13,3.5,80.0,0.948046,0.0601819,0.0590849,0.000247422,0.000232884,0.0596334
13,3.5,85.0,0.944649,0.0606258,0.0602571,0.000266072,0.000249374,0.06044145
13,3.5,90.0,0.941243,0.0601472,0.0605492,0.00028345,0.000265672,0.0603482
13,3.5,95.0,0.937824,0.0605327,0.0608333,0.000303278,0.000282868,0.060683
13,3.5,100.0,0.934369,0.0604389,0.0610003,0.00032028,0.000300208,0.0607196
13,3.5,105.0,0.930895,0.0607038,0.0613547,0.000342287,0.000320877,0.06102925
13,3.5,110.0,0.927423,0.0614773,0.0605347,0.000363528,0.000340038,0.061006
13,3.5,115.0,0.923923,0.0605996,0.0622049,0.000377365,0.000353459,0.061402250000000005
13,3.5,120.0,0.920398,0.0623188,0.0612893,0.000395931,0.000370832,0.06180405
13,3.5,125.0,0.916851,0.0619932,0.0618634,0.000421963,0.000393771,0.0619283
13,3.5,130.0,0.913287,0.0618952,0.0617518,0.000440929,0.000411935,0.0618235
13,3.5,135.0,0.909712,0.0625736,0.0625779,0.000460023,0.000428902,0.06257575
13,3.5,140.0,0.906093,0.0633659,0.0615247,0.000484249,0.000450365,0.0624453
13,3.5,145.0,0.902462,0.0640424,0.0628117,0.000507288,0.000472372,0.06342705
13,3.5,150.0,0.898811,0.0630522,0.0642116,0.000531436,0.000494966,0.06363189999999999
13,3.5,155.0,0.895136,0.0625776,0.0624472,0.000548647,0.000511055,0.0625124
13,3.5,160.0,0.891456,0.0624906,0.0649276,0.000578379,0.000537434,0.0637091
13,3.5,165.0,0.887735,0.0640075,0.0633265,0.000593259,0.000553205,0.063667
13,3.5,170.0,0.884004,0.0654526,0.0635983,0.000614915,0.000570936,0.06452545
13,3.5,175.0,0.880236,0.0639376,0.0648177,0.000643199,0.00059528,0.06437765000000001
13,3.5,180.0,0.876429,0.0647014,0.0654807,0.000675485,0.000624124,0.06509105000000001
13,3.5,185.0,0.87264,0.0664384,0.0654911,0.0006979,0.000645292,0.06596474999999999
13,3.5,190.0,0.868797,0.0664056,0.0645576,0.00072383,0.000670439,0.0654816
13,3.5,195.0,0.864907,0.0640621,0.0648224,0.000753338,0.000700535,0.06444225
13,3.5,200.0,0.861048,0.0657663,0.0655705,0.000776827,0.000720158,0.0656684
13,3.5,205.0,0.8571,0.0667487,0.0657307,0.00081394,0.000752539,0.0662397
13,3.5,210.0,0.853168,0.0656448,0.0662042,0.00083407,0.000774323,0.0659245
13,3.5,215.0,0.849222,0.0668112,0.0654296,0.000865224,0.000797354,0.0661204
13,3.5,220.0,0.84521,0.0661846,0.0670126,0.000899511,0.000827031,0.06659860000000001
13,3.5,225.0,0.841179,0.0660403,0.065984,0.000921579,0.000853407,0.06601214999999999
13,3.5,230.0,0.837138,0.0670938,0.0669423,0.000953401,0.000881229,0.06701805
13,3.5,235.0,0.833035,0.0670425,0.0676417,0.000990846,0.000912651,0.0673421
13,3.5,240.0,0.828916,0.0688423,0.0670098,0.00102008,0.000937556,0.06792604999999999
13,3.5,245.0,0.824768,0.0677061,0.0696375,0.00105027,0.000969439,0.0686718
13,3.5,250.0,0.820572,0.0681415,0.0695283,0.00108832,0.00099631,0.0688349
13,3.5,255.0,0.816389,0.0683375,0.0680472,0.00112805,0.00103615,0.06819235
13,3.5,260.0,0.812125,0.0704591,0.0681543,0.00116194,0.00106791,0.0693067
13,3.5,265.0,0.80783,0.0693174,0.0695706,0.00119355,0.00109683,0.069444
13,3.5,270.0,0.803525,0.0679635,0.0687765,0.0012392,0.00113322,0.06837
13,3.5,275.0,0.79916,0.0690549,0.0681404,0.00126922,0.00116572,0.06859765000000001
13,3.5,280.0,0.794771,0.0691143,0.0688124,0.00131277,0.00120441,0.06896335
13,3.5,285.0,0.790389,0.0679308,0.0691636,0.00134611,0.00123545,0.0685472
13,3.5,290.0,0.785861,0.068142,0.0698476,0.00138688,0.0012777,0.0689948
13,3.5,295.0,0.781386,0.0720948,0.0694721,0.00142838,0.00130622,0.07078345
13,3.5,300.0,0.776831,0.0711949,0.0719435,0.00147274,0.00134722,0.0715692
13,3.5,305.0,0.772226,0.0707537,0.072863,0.00152011,0.00138677,0.07180834999999999
13,3.5,310.0,0.767578,0.0716709,0.0697726,0.0015703,0.00143023,0.07072175
13,3.5,315.0,0.762897,0.0729886,0.074482,0.00163259,0.00147723,0.0737353
13,3.5,320.0,0.758201,0.0738904,0.0735473,0.0016765,0.00152068,0.07371885
13,3.5,325.0,0.753454,0.0717409,0.0744902,0.00172776,0.00156795,0.07311555
13,3.5,330.0,0.748608,0.0731917,0.0725055,0.00178694,0.00162445,0.0728486
13,3.5,335.0,0.743715,0.0733447,0.0726829,0.00183625,0.00166176,0.07301379999999999
13,3.5,340.0,0.738804,0.0711612,0.0731764,0.00188352,0.00171331,0.0721688
13,3.5,345.0,0.733792,0.0736042,0.0743816,0.00194416,0.00176156,0.0739929
13,3.5,350.0,0.728728,0.0744657,0.075954,0.00201338,0.00181613,0.07520985
13,3.5,355.0,0.723702,0.0746055,0.0741052,0.00206516,0.00186783,0.07435535
13,3.5,360.0,0.718528,0.0756131,0.0748606,0.00215455,0.00194308,0.07523685
13,3.5,365.0,0.713284,0.0765465,0.0752354,0.00222473,0.00199745,0.07589095
13,3.5,370.0,0.708043,0.0771519,0.075357,0.00228011,0.00205686,0.07625445
13,3.5,375.0,0.702717,0.0769267,0.0757996,0.00232261,0.00210032,0.07636314999999999
13,3.5,380.0,0.697233,0.0760745,0.075407,0.00240934,0.00217855,0.07574075
13,3.5,385.0,0.691775,0.0770193,0.0770458,0.00250033,0.0022447,0.07703255
13,3.5,390.0,0.686273,0.0757032,0.0760888,0.00257002,0.00231423,0.07589599999999999
13,3.5,395.0,0.680639,0.077292,0.0780409,0.00265913,0.00238432,0.07766645
13,3.5,400.0,0.674959,0.0786992,0.0774547,0.00276055,0.00247187,0.07807695
13,3.5,405.0,0.669148,0.0776969,0.0781256,0.00285286,0.00254519,0.07791125
13,3.5,410.0,0.663232,0.0798799,0.0782597,0.00292721,0.00261205,0.0790698
13,3.5,415.0,0.657323,0.0811898,0.0790845,0.00305436,0.00271312,0.08013715
13,3.5,420.0,0.651281,0.0791514,0.0792766,0.00314345,0.00280462,0.079214
13,3.5,425.0,0.645203,0.0804643,0.0791689,0.00323806,0.00289141,0.0798166
13,3.5,430.0,0.638934,0.081346,0.0803184,0.00339926,0.00301398,0.08083219999999999
13,3.5,435.0,0.632647,0.0807064,0.0803016,0.00345785,0.0030786,0.08050399999999999
13,3.5,440.0,0.626228,0.0791103,0.0807435,0.00356877,0.00319422,0.0799269
13,3.5,445.0,0.619702,0.0817134,0.0822318,0.0037638,0.00332759,0.0819726
13,3.5,450.0,0.613056,0.0812109,0.0814012,0.00384468,0.00341253,0.08130605
13,3.5,455.0,0.60621,0.082332,0.0851125,0.00406092,0.00355473,0.08372225
13,3.5,460.0,0.599368,0.0835252,0.0832241,0.00418652,0.00368202,0.08337465
13,3.5,465.0,0.592348,0.0830203,0.0851589,0.00435029,0.00381702,0.0840896
13,3.5,470.0,0.585178,0.0836164,0.0818743,0.00445914,0.00393847,0.08274535
13,3.5,475.0,0.577996,0.0845294,0.0851792,0.00466642,0.00410098,0.0848543
13,3.5,480.0,0.570526,0.0843797,0.0844234,0.0049191,0.00430741,0.08440154999999999
13,3.5,485.0,0.562929,0.0849795,0.0839566,0.0050488,0.00444547,0.08446805
13,3.5,490.0,0.555063,0.085471,0.0866987,0.00533608,0.00464451,0.08608485
13,3.5,495.0,0.547194,0.0865794,0.0866885,0.00560231,0.00486679,0.08663395
13,3.5,500.0,0.539113,0.0872865,0.0873253,0.00586418,0.00507483,0.08730589999999999
13,3.5,505.0,0.530887,0.0885522,0.0880661,0.00608857,0.00527083,0.08830915
13,3.5,510.0,0.522428,0.089279,0.087633,0.00643684,0.00552961,0.088456
13,3.5,515.0,0.513736,0.0884142,0.0894404,0.00669143,0.00577961,0.0889273
13,3.5,520.0,0.504717,0.0886696,0.0873966,0.00705444,0.00607626,0.0880331
13,3.5,525.0,0.495713,0.0888975,0.0909542,0.0074228,0.00636955,0.08992585
13,3.5,530.0,0.486282,0.0914841,0.0885922,0.00790653,0.00674542,0.09003815
13,3.5,535.0,0.476592,0.0908047,0.0916602,0.00830689,0.00709195,0.09123244999999999
13,3.5,540.0,0.4666,0.0916525,0.0903756,0.00885963,0.0074901,0.09101405
13,3.5,545.0,0.456375,0.0899395,0.0909746,0.0092712,0.00793006,0.09045705000000001
13,3.5,550.0,0.445862,0.0922817,0.0928735,0.00992923,0.00842018,0.0925776
13,3.5,555.0,0.434836,0.0933391,0.093296,0.0106367,0.00894431,0.09331755
13,3.5,560.0,0.42372,0.0939885,0.0932323,0.0113138,0.00950718,0.09361040000000001
13,3.5,565.0,0.412072,0.0935672,0.0952392,0.0121652,0.0101665,0.09440319999999999
13,3.5,570.0,0.399862,0.0946188,0.0938599,0.0132597,0.0110187,0.09423935
13,3.5,575.0,0.38717,0.0955281,0.0945257,0.0144196,0.0118876,0.0950269
13,3.5,580.0,0.373947,0.0970041,0.0950564,0.0159161,0.0129882,0.09603025
13,3.5,585.0,0.360259,0.0967542,0.0970463,0.0171092,0.0139585,0.09690025
13,3.5,590.0,0.34582,0.0967118,0.0965693,0.0192177,0.0154929,0.09664054999999999
13,3.5,595.0,0.330361,0.0997175,0.0981961,2.43392,0.0180996,0.0989568
13,3.5,600.0,0.314233,0.10044,0.102787,0.0270832,0.0199116,0.1016135
13,3.5,605.0,0.296792,0.10026,0.103456,2.11396,0.0244937,0.101858
13,3.5,610.0,0.278121,0.105532,0.103859,2.4833,0.028044,0.1046955
13,3.5,615.0,0.256983,0.107718,0.106485,1.45739,0.0376324,0.10710149999999999
13,3.5,620.0,0.233684,0.11061,0.110931,1.67227,0.0483576,0.1107705
13,3.5,625.0,0.208658,0.110712,0.110175,1.29936,0.0589379,0.1104435
13,3.5,630.0,0.179058,0.112343,0.113082,0.914072,0.0700263,0.1127125
13,3.5,635.0,0.15147,0.102955,0.103229,0.624284,0.0716411,0.103092
13,3.5,640.0,0.127722,0.0938467,0.0942179,0.41045,0.0633567,0.0940323
13,3.5,645.0,0.10869,0.0809221,0.0817597,0.274448,0.0522886,0.0813409
13,3.5,650.0,0.093372,0.0707797,0.069335,0.183743,0.0420355,0.07005734999999999
13,3.5,655.0,0.0820781,0.0593964,0.0595784,0.131217,0.0340527,0.059487399999999996
13,3.5,660.0,0.0734404,0.0502964,0.0502652,0.0993793,0.0282399,0.0502808
13,3.5,665.0,0.0665052,0.0436799,0.0436023,0.0758077,0.0233212,0.0436411
13,3.5,670.0,0.0607386,0.0373211,0.0379687,0.0601094,0.0196869,0.0376449
13,3.5,675.0,0.0563681,0.033103,0.0332624,0.0493569,0.0168028,0.033182699999999996
13,3.5,680.0,0.0526822,0.029494,0.0294085,0.0417828,0.0149134,0.029451249999999998
13,3.5,685.0,0.049395,0.0260268,0.0261317,0.0357501,0.0130581,0.02607925
13,3.5,690.0,0.0467508,0.0235559,0.0237266,0.0309227,0.0116393,0.023641250000000003
13,3.5,695.0,0.0443721,0.0212272,0.0214418,0.0272977,0.0104336,0.0213345
13,3.5,700.0,0.0422723,0.019413,0.01945,0.0241941,0.0094127,0.019431499999999997
13,3.5,705.0,0.040523,0.0178374,0.0178153,0.0218888,0.00859317,0.017826349999999998
13,3.5,710.0,0.0389077,0.0164215,0.0164655,0.0197993,0.00787965,0.0164435
13,3.5,715.0,0.0374639,0.0151847,0.0152069,0.0181385,0.00727767,0.0151958
13,3.5,720.0,0.0362028,0.014182,0.0141648,0.0166682,0.00676106,0.0141734
13,3.5,725.0,0.0350365,0.0132378,0.0132037,0.0154389,0.00629838,0.01322075
13,3.5,730.0,0.0339853,0.0124337,0.0123992,0.0142848,0.0058681,0.01241645
13,3.5,735.0,0.0330153,0.011672,0.0116734,0.0133434,0.00552366,0.011672700000000001
13,3.5,740.0,0.0321447,0.0110291,0.0110385,0.0124729,0.00519691,0.0110338
13,3.5,745.0,0.0312865,0.0104422,0.0103634,0.0116926,0.00488706,0.0104028
13,3.5,750.0,0.0305123,0.00986009,0.00987187,0.0109796,0.00462493,0.00986598
13,3.5,755.0,0.0298498,0.00936824,0.0093962,0.0104224,0.00438617,0.00938222
13,3.5,760.0,0.0291686,0.00890748,0.00890532,0.00990409,0.004191,0.0089064
13,3.5,765.0,0.0285804,0.00852425,0.00854202,0.00935358,0.00398077,0.008533135
13,3.5,770.0,0.0280092,0.00814182,0.008154,0.00890734,0.00379238,0.00814791
13,3.5,775.0,0.0274202,0.00777168,0.00776156,0.00847438,0.00362003,0.00776662
13,3.5,780.0,0.0269402,0.00746629,0.00746123,0.00810725,0.00348086,0.00746376
13,3.5,785.0,0.0264642,0.00718789,0.00716155,0.00772697,0.0033275,0.00717472
13,3.5,790.0,0.0260318,0.00689946,0.00689096,0.00742914,0.00319316,0.00689521
13,3.5,795.0,0.0255894,0.00663768,0.00662516,0.00713136,0.00308481,0.00663142
13,3.5,800.0,0.0252075,0.00641973,0.00638471,0.00686082,0.00297373,0.00640222
13,3.5,805.0,0.0248057,0.00617053,0.00616792,0.00657725,0.0028523,0.006169225
13,3.5,810.0,0.0244571,0.00597357,0.0059462,0.00634668,0.00274778,0.005959885
13,3.5,815.0,0.0241125,0.0057649,0.00576967,0.00612249,0.00266512,0.0057672850000000005
13,3.5,820.0,0.0237842,0.0055761,0.00558936,0.00590953,0.00257745,0.005582729999999999
13,3.5,825.0,0.0234622,0.00538337,0.00540562,0.00572913,0.00249608,0.005394495
13,3.5,830.0,0.0231795,0.0052302,0.00525052,0.00553944,0.00241644,0.0052403599999999995
13,3.5,835.0,0.0228861,0.00507328,0.00508465,0.00536842,0.00234418,0.0050789649999999995
13,3.5,840.0,0.0226075,0.00492814,0.00494248,0.00519123,0.0022753,0.00493531
13,3.5,845.0,0.0223377,0.00477712,0.00478715,0.00505283,0.0022077,0.004782135
13,3.5,850.0,0.0221082,0.00467715,0.00466246,0.00489184,0.00214723,0.004669805
13,3.5,855.0,0.0218618,0.00453158,0.0045364,0.00476787,0.00208869,0.00453399
13,3.5,860.0,0.0216435,0.00442632,0.00441932,0.00463824,0.00203709,0.00442282
13,3.5,865.0,0.0214179,0.00431098,0.00430501,0.00451138,0.00198266,0.004307995
13,3.5,870.0,0.0211902,0.00419698,0.00419288,0.00438456,0.00192811,0.00419493
13,3.5,875.0,0.0210049,0.00410781,0.0040852,0.0042878,0.00188429,0.004096505
13,3.5,880.0,0.0207841,0.00399173,0.00398743,0.00417118,0.00183445,0.0039895799999999995
13,3.5,885.0,0.0206023,0.0038977,0.00390506,0.00406651,0.00179024,0.0039013800000000003
13,3.5,890.0,0.0204136,0.00380949,0.00381607,0.00396491,0.00175086,0.00381278
13,3.5,895.0,0.0202277,0.00372237,0.00372253,0.00387176,0.00170943,0.00372245
13,3.5,900.0,0.0200606,0.00363973,0.00364754,0.00377965,0.00167019,0.003643635
13,3.5,905.0,0.0198897,0.00356839,0.00355923,0.00369454,0.00163587,0.0035638099999999997
13,3.5,910.0,0.0197228,0.00348133,0.00348226,0.00361763,0.00159816,0.003481795
13,3.5,915.0,0.0195759,0.00341635,0.00341217,0.00354007,0.00156722,0.0034142599999999997
13,3.5,920.0,0.019414,0.00333599,0.00334475,0.00345932,0.00153065,0.00334037
13,3.5,925.0,0.0192735,0.00327401,0.00327625,0.00339122,0.00150213,0.0032751300000000002
13,3.5,930.0,0.0191421,0.00321262,0.00321723,0.00332261,0.00147255,0.003214925
13,3.5,935.0,0.0190066,0.00315018,0.00315065,0.00326192,0.00144331,0.003150415
13,3.5,940.0,0.0188633,0.0030925,0.00308623,0.00319203,0.00141582,0.003089365
13,3.5,945.0,0.0187207,0.0030253,0.00302989,0.00312536,0.0013869,0.003027595
13,3.5,950.0,0.0186004,0.00297053,0.00296872,0.00307611,0.00136209,0.002969625
13,3.5,955.0,0.0184831,0.00291823,0.00292052,0.00301542,0.00133665,0.002919375
13,3.5,960.0,0.0183563,0.00286498,0.002869,0.002956,0.00131386,0.00286699
13,3.5,965.0,0.0182368,0.00281204,0.00281583,0.00290376,0.00128896,0.002813935
13,3.5,970.0,0.0181211,0.00276562,0.00276324,0.00285198,0.00126661,0.00276443
13,3.5,975.0,0.0180123,0.00272015,0.00271907,0.00279741,0.00124362,0.00271961
13,3.5,980.0,0.0179043,0.00267336,0.00267178,0.00275061,0.00122166,0.00267257
13,3.5,985.0,0.017803,0.00263137,0.00263029,0.00270532,0.00120492,0.00263083
13,3.5,990.0,0.0176951,0.00258833,0.00258413,0.00265685,0.00118273,0.00258623
13,3.5,995.0,0.0175975,0.00254472,0.0025456,0.00261329,0.00116314,0.00254516
13,3.5,1000.0,0.0174886,0.00250067,0.00250634,0.00256459,0.00114415,0.002503505
15,4.0,0.0,1.0,0.0,0.0,-0.0,-0.0,0.0
15,4.0,5.0,0.996941,0.057058,0.0576112,1.29655e-05,1.23772e-05,0.0573346
15,4.0,10.0,0.993869,0.0581453,0.0564796,2.58527e-05,2.46741e-05,0.05731245
15,4.0,15.0,0.990782,0.0566828,0.058459,3.92229e-05,3.73552e-05,0.057570899999999994
15,4.0,20.0,0.987681,0.0581363,0.0578133,5.24957e-05,5.00627e-05,0.0579748
15,4.0,25.0,0.984564,0.0569433,0.0571609,6.60458e-05,6.2986e-05,0.0570521
15,4.0,30.0,0.981433,0.05837,0.0593554,7.98897e-05,7.60491e-05,0.058862700000000004
15,4.0,35.0,0.978287,0.0581999,0.0576417,9.4541e-05,9.00489e-05,0.057920799999999995
15,4.0,40.0,0.975125,0.0587463,0.0592568,0.000109232,0.000103807,0.05900155
15,4.0,45.0,0.97195,0.0591828,0.0577021,0.000123161,0.000117229,0.05844245
15,4.0,50.0,0.968758,0.0582988,0.0578729,0.000137942,0.000131409,0.058085849999999994
15,4.0,55.0,0.965543,0.0584657,0.0593862,0.000152844,0.000145498,0.058925950000000005
15,4.0,60.0,0.962321,0.0583597,0.0590081,0.000167394,0.000159626,0.0586839
15,4.0,65.0,0.95908,0.0599658,0.0584941,0.000182407,0.000173479,0.05922995
15,4.0,70.0,0.955827,0.0595718,0.0590362,0.000199647,0.000189454,0.059303999999999996
15,4.0,75.0,0.952543,0.0587073,0.0591282,0.000215201,0.000204896,0.05891775
15,4.0,80.0,0.949253,0.0610775,0.0606914,0.000232438,0.000220762,0.06088445
15,4.0,85.0,0.945945,0.0598131,0.0595553,0.000247711,0.000234787,0.0596842
15,4.0,90.0,0.942608,0.0608282,0.0586207,0.000267257,0.000253265,0.05972445
15,4.0,95.0,0.939272,0.0624096,0.0593786,0.000282182,0.000267084,0.0608941
15,4.0,100.0,0.935904,0.062423,0.0609231,0.000300913,0.000285477,0.06167305
15,4.0,105.0,0.932519,0.0627707,0.0597863,0.000317292,0.000300808,0.0612785
15,4.0,110.0,0.929121,0.06156,0.061346,0.000334064,0.000315847,0.061452999999999994
15,4.0,115.0,0.925695,0.0615822,0.0614902,0.000356655,0.000336899,0.0615362
15,4.0,120.0,0.922267,0.0616207,0.0612501,0.00037242,0.000352524,0.0614354
15,4.0,125.0,0.9188,0.0610477,0.061867,0.000391263,0.000369917,0.06145735
15,4.0,130.0,0.915308,0.0609696,0.0613371,0.000414292,0.000392533,0.061153349999999995
15,4.0,135.0,0.91182,0.0634278,0.0629347,0.000433367,0.000408947,0.06318125
15,4.0,140.0,0.908289,0.0621958,0.0611911,0.000448912,0.000424993,0.06169345
15,4.0,145.0,0.90476,0.0625299,0.06219,0.000477503,0.000450682,0.06235995
15,4.0,150.0,0.901189,0.0628443,0.0628144,0.000494036,0.000467673,0.06282935
15,4.0,155.0,0.8976,0.0639191,0.0642718,0.000515317,0.000488049,0.06409545
15,4.0,160.0,0.894001,0.0633998,0.0625725,0.000535321,0.00050716,0.06298615
15,4.0,165.0,0.890371,0.0628138,0.0628605,0.000560472,0.000529523,0.06283715000000001
15,4.0,170.0,0.886712,0.0654792,0.0649394,0.000585018,0.000550609,0.0652093
15,4.0,175.0,0.883058,0.0635536,0.0632385,0.00060307,0.000568009,0.06339605000000001
15,4.0,180.0,0.879344,0.0649894,0.0637497,0.00062862,0.000592281,0.06436955
15,4.0,185.0,0.875617,0.0633167,0.0636791,0.000646903,0.000611122,0.0634979
15,4.0,190.0,0.871868,0.0651161,0.0655285,0.000673086,0.000635322,0.0653223
15,4.0,195.0,0.868105,0.0642645,0.0647596,0.000700256,0.000658671,0.06451205
15,4.0,200.0,0.864333,0.0663638,0.0654296,0.000725225,0.000679827,0.0658967
15,4.0,205.0,0.860485,0.0668502,0.0667319,0.000755715,0.000710204,0.06679104999999999
15,4.0,210.0,0.856638,0.0654408,0.0675044,0.000783408,0.000734924,0.06647259999999999
15,4.0,215.0,0.852769,0.0654434,0.0663336,0.000797967,0.000748193,0.0658885
15,4.0,220.0,0.848861,0.0658295,0.0665855,0.000831445,0.0007829,0.0662075
15,4.0,225.0,0.844942,0.0664069,0.0662607,0.000858198,0.000805465,0.0663338
15,4.0,230.0,0.84097,0.0666225,0.0664261,0.000896261,0.000840499,0.06652430000000001
15,4.0,235.0,0.836989,0.0662698,0.0679046,0.000919048,0.000863761,0.0670872
15,4.0,240.0,0.832945,0.0675506,0.0689888,0.000956451,0.0008928,0.0682697
15,4.0,245.0,0.828908,0.0677194,0.0674103,0.000982075,0.000919643,0.06756485000000001
15,4.0,250.0,0.824825,0.0682304,0.0682576,0.00100937,0.000944532,0.068244
15,4.0,255.0,0.820713,0.0682574,0.0675645,0.00104063,0.000973441,0.06791095
15,4.0,260.0,0.816606,0.0674585,0.0683464,0.0010761,0.0010035,0.06790245
15,4.0,265.0,0.812384,0.0683244,0.0692239,0.00111196,0.00103883,0.06877415
15,4.0,270.0,0.80818,0.0684932,0.0675938,0.00114672,0.00107262,0.0680435
15,4.0,275.0,0.803921,0.0712942,0.0684066,0.00118544,0.00110358,0.0698504
15,4.0,280.0,0.799613,0.0700527,0.0686473,0.00121966,0.00114225,0.06935
15,4.0,285.0,0.795317,0.0707332,0.069504,0.00126155,0.00117723,0.0701186
15,4.0,290.0,0.790944,0.0710047,0.071457,0.00129687,0.00120725,0.07123085000000001
15,4.0,295.0,0.786543,0.069206,0.0711321,0.00132829,0.0012388,0.07016905000000001
15,4.0,300.0,0.782121,0.0713845,0.0714465,0.00138127,0.00128396,0.07141549999999999
15,4.0,305.0,0.777613,0.0722457,0.0700063,0.00141935,0.00132002,0.071126
15,4.0,310.0,0.7731,0.071223,0.0710606,0.00145435,0.00135768,0.0711418
15,4.0,315.0,0.768541,0.0707699,0.0713672,0.00150101,0.00139563,0.07106855000000001
15,4.0,320.0,0.763915,0.0722607,0.0722486,0.0015522,0.00143973,0.07225465
15,4.0,325.0,0.759264,0.072347,0.0718466,0.00159454,0.00148286,0.07209679999999999
15,4.0,330.0,0.754507,0.0724287,0.0725714,0.00164035,0.0015223,0.07250005
15,4.0,335.0,0.7498,0.0723179,0.0729979,0.00171103,0.00158635,0.0726579
15,4.0,340.0,0.744968,0.0722785,0.073965,0.00175772,0.00162098,0.07312175
15,4.0,345.0,0.740122,0.0730757,0.0742504,0.00180712,0.00166773,0.07366305
15,4.0,350.0,0.735207,0.0743791,0.0730848,0.00186258,0.0017221,0.07373195
15,4.0,355.0,0.73026,0.0741403,0.0747055,0.00190947,0.00176198,0.0744229
15,4.0,360.0,0.725167,0.0742416,0.0756452,0.00198518,0.00182617,0.0749434
15,4.0,365.0,0.720117,0.0734771,0.0746548,0.0020293,0.00188238,0.07406594999999999
15,4.0,370.0,0.714964,0.0759571,0.0776088,0.00211798,0.00194337,0.07678295
15,4.0,375.0,0.709764,0.0769354,0.0761154,0.00215305,0.0019887,0.0765254
15,4.0,380.0,0.70453,0.0761423,0.0757371,0.00222888,0.00204822,0.0759397
15,4.0,385.0,0.699147,0.0758826,0.0792568,0.00230855,0.00212332,0.07756969999999999
15,4.0,390.0,0.693705,0.0771721,0.0761362,0.00237355,0.00218346,0.07665415
15,4.0,395.0,0.688242,0.0772506,0.0760099,0.00246146,0.00226719,0.07663025000000001
15,4.0,400.0,0.682674,0.0772012,0.0771611,0.0025293,0.00231616,0.07718115
15,4.0,405.0,0.677038,0.0779506,0.076213,0.00260456,0.00239442,0.0770818
15,4.0,410.0,0.671289,0.0771867,0.0778191,0.00270397,0.00246736,0.0775029
15,4.0,415.0,0.665489,0.0801923,0.0782238,0.00278709,0.00255022,0.07920805
15,4.0,420.0,0.659596,0.0780733,0.0789036,0.0028903,0.0026417,0.07848845
15,4.0,425.0,0.653632,0.0780839,0.079241,0.00297898,0.00273616,0.07866245
15,4.0,430.0,0.647585,0.0799201,0.0803246,0.00309405,0.00282552,0.08012235
15,4.0,435.0,0.641404,0.0809101,0.0802116,0.00319897,0.00291504,0.08056084999999999
15,4.0,440.0,0.635194,0.0797174,0.0802965,0.00332449,0.00302961,0.08000695
15,4.0,445.0,0.628734,0.0817008,0.0808039,0.00344166,0.00312511,0.08125235
15,4.0,450.0,0.622314,0.0816467,0.0803876,0.00358424,0.00325381,0.08101715000000001
15,4.0,455.0,0.615674,0.081142,0.0835444,0.00368297,0.0033476,0.0823432
15,4.0,460.0,0.608929,0.0839137,0.0820041,0.00384047,0.00348135,0.0829589
15,4.0,465.0,0.602112,0.0833239,0.0832664,0.00398548,0.0035995,0.08329515000000001
15,4.0,470.0,0.595206,0.0826367,0.0844237,0.00416538,0.00375914,0.0835302
15,4.0,475.0,0.587977,0.0826468,0.0838169,0.00430663,0.0038834,0.08323185
15,4.0,480.0,0.580828,0.0838983,0.0846619,0.00446465,0.00403154,0.0842801
15,4.0,485.0,0.573335,0.0864503,0.0848856,0.00468448,0.00421834,0.08566794999999999
15,4.0,490.0,0.565813,0.082476,0.0857036,0.004861,0.00439468,0.08408979999999999
15,4.0,495.0,0.558111,0.0840844,0.086552,0.00507023,0.00456816,0.08531820000000001
15,4.0,500.0,0.550241,0.0868876,0.0862097,0.00528301,0.00474096,0.08654865
15,4.0,505.0,0.5421,0.0885045,0.0879979,0.00553688,0.00493909,0.0882512
15,4.0,510.0,0.533894,0.0878757,0.0871353,0.00579647,0.00518252,0.0875055
15,4.0,515.0,0.52542,0.0885866,0.0864423,0.00613417,0.00547033,0.08751445
15,4.0,520.0,0.516744,0.0891578,0.0879438,0.00631679,0.00562693,0.0885508
15,4.0,525.0,0.507841,0.0880539,0.0879092,0.0066828,0.00597179,0.08798155
15,4.0,530.0,0.498729,0.0886254,0.08795,0.00704723,0.00626775,0.0882877
15,4.0,535.0,0.489196,0.0913541,0.090146,0.00755049,0.00666889,0.09075005
15,4.0,540.0,0.47962,0.0911006,0.0903674,0.00786534,0.00698309,0.09073400000000001
15,4.0,545.0,0.46959,0.0913518,0.0904264,0.00835276,0.00737144,0.0908891
15,4.0,550.0,0.45947,0.0922333,0.0905449,0.00880069,0.00779438,0.0913891
15,4.0,555.0,0.448724,0.0920183,0.0922839,0.00952798,0.00837803,0.0921511
15,4.0,560.0,0.437801,0.0942871,0.0918568,0.0101196,0.00889603,0.09307195
15,4.0,565.0,0.426486,0.0935011,0.0951631,0.0107505,0.00938767,0.0943321
15,4.0,570.0,0.414607,0.0950851,0.0942595,0.0116356,0.0101026,0.0946723
15,4.0,575.0,0.402459,0.0944135,0.0946553,0.0126357,0.0109693,0.09453439999999999
15,4.0,580.0,0.389607,0.0950449,0.0962401,0.0136656,0.011843,0.09564249999999999
15,4.0,585.0,0.376235,0.0961411,0.0955959,0.0148503,0.0128355,0.0958685
15,4.0,590.0,0.362309,0.0985694,0.0967983,0.016473,0.0140564,0.09768385
15,4.0,595.0,0.347725,0.097246,0.0981912,0.0182314,0.0154689,0.0977186
15,4.0,600.0,0.332311,0.100165,0.0966458,0.0204145,0.0171403,0.0984054
15,4.0,605.0,0.315861,0.0990428,0.0990285,0.0233257,0.0193599,0.09903565
15,4.0,610.0,0.298419,0.102408,0.102343,0.0271846,0.0223333,0.10237550000000001
15,4.0,615.0,0.279302,0.102653,0.101725,2.68527,0.0265725,0.102189
15,4.0,620.0,0.258747,0.104134,0.103844,2.81507,0.0331767,0.103989
15,4.0,625.0,0.235964,0.105013,0.105517,2.2799,0.0435903,0.105265
15,4.0,630.0,0.209246,0.1098,0.110421,1.76229,0.0584222,0.1101105
15,4.0,635.0,0.1804,0.108695,0.109258,1.27465,0.0738267,0.1089765
15,4.0,640.0,0.148459,0.106989,0.107354,0.819381,0.0818524,0.1071715
15,4.0,645.0,0.120952,0.0973061,0.0984502,0.506497,0.0749482,0.09787815
15,4.0,650.0,0.099739,0.0851169,0.0837129,0.315282,0.0603868,0.0844149
15,4.0,655.0,0.0834764,0.0711172,0.0715001,0.198068,0.0462033,0.07130865
15,4.0,660.0,0.0723074,0.0604501,0.059795,0.13533,0.0362736,0.06012255
15,4.0,665.0,0.064037,0.0504471,0.0506547,0.0985033,0.0288644,0.050550899999999996
15,4.0,670.0,0.0576988,0.0428878,0.0432244,0.075046,0.0235868,0.0430561
15,4.0,675.0,0.0529187,0.037468,0.0373508,0.0600236,0.0199692,0.0374094
15,4.0,680.0,0.048852,0.0326253,0.0326238,0.0488575,0.0169376,0.03262455
15,4.0,685.0,0.0456067,0.029087,0.0288034,0.040834,0.0146516,0.028945199999999997
15,4.0,690.0,0.0429789,0.0258569,0.0259836,0.035256,0.0129762,0.02592025
15,4.0,695.0,0.0406089,0.0233632,0.0233051,0.0306001,0.0115697,0.023334149999999998
15,4.0,700.0,0.0385496,0.0210957,0.0210214,0.0269689,0.0103055,0.02105855
15,4.0,705.0,0.0367026,0.01919,0.0192768,0.0237827,0.00934536,0.019233399999999998
15,4.0,710.0,0.0351604,0.0176549,0.0176131,0.0214499,0.00850883,0.017634
15,4.0,715.0,0.0337542,0.0161302,0.0162264,0.0195485,0.00778537,0.0161783
15,4.0,720.0,0.0326126,0.0151045,0.0151598,0.0178642,0.00722696,0.01513215
15,4.0,725.0,0.0314928,0.0141362,0.0140714,0.0163939,0.00672349,0.0141038
15,4.0,730.0,0.0304305,0.0130581,0.0131221,0.0151616,0.00621835,0.0130901
15,4.0,735.0,0.0295053,0.0122386,0.012304,0.014052,0.00579899,0.0122713
15,4.0,740.0,0.0286546,0.0115701,0.0115506,0.0130453,0.00544341,0.01156035
15,4.0,745.0,0.0279579,0.0109782,0.010966,0.0122592,0.00515269,0.0109721
15,4.0,750.0,0.0272077,0.0103533,0.0103277,0.0115165,0.00486902,0.010340499999999999
15,4.0,755.0,0.0265679,0.00980329,0.0098121,0.0108691,0.00459809,0.009807695
15,4.0,760.0,0.0259542,0.00934474,0.00929329,0.0102658,0.00436217,0.009319015
15,4.0,765.0,0.0254194,0.00890482,0.00886293,0.00977608,0.00415689,0.008883875
15,4.0,770.0,0.0248681,0.00848013,0.00846467,0.00924611,0.00395289,0.008472400000000001
15,4.0,775.0,0.0243786,0.00807376,0.00810428,0.00882592,0.00377068,0.008089019999999999
15,4.0,780.0,0.0239157,0.00774854,0.00774511,0.00842109,0.0036111,0.007746825000000001
15,4.0,785.0,0.0234923,0.00743759,0.00741451,0.00807611,0.00346184,0.00742605
15,4.0,790.0,0.0230911,0.00714227,0.0071503,0.00772275,0.00332723,0.0071462850000000005
15,4.0,795.0,0.0226835,0.00685027,0.00687403,0.00738398,0.00318751,0.00686215
15,4.0,800.0,0.0223144,0.00659554,0.00660456,0.00709686,0.00306324,0.00660005
15,4.0,805.0,0.0219754,0.00636914,0.00635906,0.00684004,0.00295784,0.006364099999999999
15,4.0,810.0,0.02165,0.00614155,0.00616438,0.00656717,0.00285043,0.006152965
15,4.0,815.0,0.0213346,0.0059339,0.00593633,0.00633896,0.00274545,0.0059351149999999995
15,4.0,820.0,0.0210269,0.00574144,0.00574244,0.00609633,0.00265091,0.00574194
15,4.0,825.0,0.020749,0.00556227,0.00554828,0.00590828,0.00256963,0.005555275
15,4.0,830.0,0.020492,0.0054045,0.00538534,0.00570879,0.00249004,0.005394919999999999
15,4.0,835.0,0.0202194,0.0052251,0.00521855,0.00552576,0.00241275,0.005221824999999999
15,4.0,840.0,0.0199777,0.00508252,0.00506457,0.00535034,0.00234165,0.0050735450000000005
15,4.0,845.0,0.0197048,0.00491062,0.00490214,0.00517307,0.00226297,0.00490638
15,4.0,850.0,0.0195057,0.00479202,0.00477331,0.00503413,0.00220556,0.004782665
15,4.0,855.0,0.0192801,0.0046558,0.00463794,0.00488564,0.00214141,0.00464687
15,4.0,860.0,0.0190612,0.00452427,0.00451598,0.00473823,0.00208065,0.004520125
15,4.0,865.0,0.0188729,0.00440901,0.00440581,0.00461623,0.00202946,0.00440741
15,4.0,870.0,0.0186731,0.00428997,0.00428921,0.00449475,0.00197661,0.004289589999999999
15,4.0,875.0,0.0185058,0.00418911,0.00419347,0.00438347,0.001929,0.00419129
15,4.0,880.0,0.0183396,0.00409156,0.00410993,0.00426533,0.00188394,0.004100745
15,4.0,885.0,0.018144,0.00399446,0.00398228,0.00415627,0.00183325,0.00398837
15,4.0,890.0,0.0179684,0.00388422,0.00388874,0.00405752,0.00178589,0.00388648
15,4.0,895.0,0.0178246,0.00381451,0.00380184,0.00396005,0.00174714,0.003808175
15,4.0,900.0,0.0176571,0.00371371,0.00372011,0.00386407,0.00170613,0.00371691
15,4.0,905.0,0.0175071,0.00363887,0.00362896,0.00377915,0.00166954,0.003633915
15,4.0,910.0,0.0173622,0.00355761,0.00355587,0.00369076,0.00163209,0.00355674
15,4.0,915.0,0.0172251,0.00348265,0.00347896,0.00361489,0.00159794,0.003480805
15,4.0,920.0,0.0170906,0.00340985,0.00341353,0.00353273,0.00156527,0.00341169
15,4.0,925.0,0.0169567,0.00333948,0.00333784,0.00345982,0.00153024,0.0033386600000000002
15,4.0,930.0,0.0168235,0.00326921,0.00327176,0.00338413,0.00149848,0.003270485
15,4.0,935.0,0.0167078,0.00320733,0.00320977,0.0033218,0.00147226,0.00320855
15,4.0,940.0,0.0165798,0.00314263,0.00313911,0.00325739,0.00144194,0.00314087
15,4.0,945.0,0.0164629,0.00308975,0.00307921,0.00318484,0.00141262,0.00308448
15,4.0,950.0,0.0163485,0.0030232,0.0030325,0.00312046,0.00138621,0.0030278500000000003
15,4.0,955.0,0.0162511,0.00297939,0.00297412,0.00306791,0.00136427,0.002976755
15,4.0,960.0,0.0161334,0.00291925,0.00291249,0.00301185,0.00133625,0.00291587
15,4.0,965.0,0.0160218,0.00286582,0.00286754,0.00294393,0.00131184,0.00286668
15,4.0,970.0,0.0159258,0.00280918,0.00281388,0.00290557,0.0012887,0.00281153
15,4.0,975.0,0.0158291,0.0027672,0.00276521,0.00284993,0.00126672,0.002766205
15,4.0,980.0,0.0157313,0.00271783,0.00272233,0.00279631,0.00124434,0.0027200799999999997
15,4.0,985.0,0.0156342,0.00266908,0.00267276,0.0027526,0.00122345,0.0026709200000000002
15,4.0,990.0,0.015547,0.00262983,0.00262898,0.00270487,0.00120344,0.002629405
15,4.0,995.0,0.0154507,0.002587,0.0025825,0.00265547,0.00118177,0.0025847500000000002
15,4.0,1000.0,0.0153689,0.00254835,0.00254434,0.00261196,0.00116446,0.002546345
17,4.5,0.0,1.0,0.0,0.0,-0.0,-0.0,0.0
17,4.5,5.0,0.996996,0.0574486,0.0590252,1.2187e-05,1.16827e-05,0.0582369
17,4.5,10.0,0.993978,0.0579418,0.0576997,2.45686e-05,2.35426e-05,0.057820750000000004
17,4.5,15.0,0.990946,0.0567337,0.058396,3.72921e-05,3.58498e-05,0.05756485
17,4.5,20.0,0.9879,0.0572789,0.057902,4.98742e-05,4.79832e-05,0.05759045
17,4.5,25.0,0.98484,0.0568106,0.0588593,6.28071e-05,6.05292e-05,0.05783495
17,4.5,30.0,0.981767,0.0579715,0.0596878,7.60281e-05,7.29966e-05,0.05882965
17,4.5,35.0,0.978674,0.0584573,0.0590809,8.96458e-05,8.60428e-05,0.0587691
17,4.5,40.0,0.975573,0.059684,0.0588117,0.00010295,9.87593e-05,0.059247850000000005
17,4.5,45.0,0.972453,0.0578007,0.0585209,0.000117418,0.000112631,0.0581608
17,4.5,50.0,0.969319,0.0583282,0.0577323,0.00013001,0.000125188,0.05803025
17,4.5,55.0,0.966165,0.0588778,0.0598337,0.000145317,0.000139206,0.05935575
17,4.5,60.0,0.962999,0.06057,0.0590707,0.000160014,0.000153611,0.059820349999999994
17,4.5,65.0,0.959817,0.0579944,0.0593676,0.000174083,0.000167194,0.058681
17,4.5,70.0,0.956614,0.0592157,0.0600287,0.000189675,0.000181765,0.0596222
17,4.5,75.0,0.953408,0.0595455,0.0583947,0.000203526,0.000195541,0.0589701
17,4.5,80.0,0.950172,0.0585076,0.0597526,0.000219448,0.000209905,0.059130100000000005
17,4.5,85.0,0.946924,0.0599691,0.0598862,0.000236288,0.000225977,0.05992765
17,4.5,90.0,0.943655,0.0606752,0.0611909,0.000250224,0.000239517,0.06093305
17,4.5,95.0,0.940364,0.0596445,0.0599771,0.000267649,0.000256525,0.0598108
17,4.5,100.0,0.93707,0.0609833,0.0588087,0.000284784,0.00027357,0.059896
17,4.5,105.0,0.933757,0.0601132,0.0608426,0.000301382,0.000288976,0.0604779
17,4.5,110.0,0.930401,0.0618756,0.0602567,0.000320102,0.00030655,0.06106615
17,4.5,115.0,0.927053,0.0614224,0.0603701,0.000336398,0.000322479,0.06089625
17,4.5,120.0,0.923691,0.0626901,0.0608624,0.000352983,0.000338037,0.06177625
17,4.5,125.0,0.920289,0.0630267,0.0609863,0.000370298,0.000355087,0.062006500000000006
17,4.5,130.0,0.916861,0.0611024,0.0622359,0.000389651,0.000372598,0.06166915
17,4.5,135.0,0.91343,0.0624573,0.0626852,0.00041004,0.000390836,0.06257125
17,4.5,140.0,0.909973,0.0626345,0.0628809,0.000428351,0.000408913,0.0627577
17,4.5,145.0,0.906502,0.0626758,0.0632958,0.000448016,0.000427879,0.06298580000000001
17,4.5,150.0,0.903,0.0630439,0.0621317,0.00046568,0.000445133,0.0625878
17,4.5,155.0,0.899491,0.0632888,0.0634314,0.000488698,0.000466358,0.0633601
17,4.5,160.0,0.895949,0.0639025,0.0639062,0.000507919,0.000483742,0.06390435
17,4.5,165.0,0.892387,0.0636373,0.0641067,0.000529292,0.0005028,0.063872
17,4.5,170.0,0.888781,0.06293,0.0631822,0.000546435,0.000523159,0.0630561
17,4.5,175.0,0.885208,0.0640177,0.0647153,0.000571106,0.00054323,0.0643665
17,4.5,180.0,0.881567,0.0643288,0.0646697,0.00059827,0.000571858,0.06449925000000001
17,4.5,185.0,0.87791,0.0648071,0.0657976,0.000624335,0.000593606,0.06530235000000001
17,4.5,190.0,0.874254,0.0640963,0.0641937,0.000634585,0.00060476,0.06414500000000001
17,4.5,195.0,0.870551,0.0642972,0.065715,0.000657234,0.000626017,0.0650061
17,4.5,200.0,0.866797,0.0640815,0.0647044,0.000692943,0.000658025,0.06439295
17,4.5,205.0,0.863075,0.0672657,0.0661986,0.000711588,0.000673255,0.06673214999999999
17,4.5,210.0,0.859294,0.0654887,0.0664835,0.000734683,0.000698069,0.06598609999999999
17,4.5,215.0,0.85548,0.0647969,0.066146,0.000769111,0.000728301,0.06547145
17,4.5,220.0,0.851662,0.066609,0.0656419,0.000782523,0.000743773,0.06612545
17,4.5,225.0,0.847789,0.066639,0.0659959,0.000811389,0.000771622,0.06631745
17,4.5,230.0,0.843915,0.0659656,0.0670962,0.000836892,0.000793968,0.0665309
17,4.5,235.0,0.840011,0.0674629,0.0673692,0.000865216,0.000821659,0.06741605
17,4.5,240.0,0.836053,0.0686358,0.0682314,0.000903211,0.000854449,0.0684336
17,4.5,245.0,0.832081,0.0668267,0.0667943,0.000928976,0.000881001,0.0668105
17,4.5,250.0,0.828049,0.0688303,0.0686649,0.000962315,0.000910417,0.06874759999999999
17,4.5,255.0,0.824026,0.0686235,0.0691248,0.000989576,0.000938302,0.06887415
17,4.5,260.0,0.819947,0.0690128,0.0669919,0.00101756,0.000963132,0.06800234999999999
17,4.5,265.0,0.815845,0.06838,0.0676607,0.00105479,0.00100022,0.06802035000000001
17,4.5,270.0,0.811731,0.0678699,0.0692605,0.00108909,0.00103109,0.06856519999999999
17,4.5,275.0,0.807559,0.0694861,0.0686723,0.00111432,0.00105418,0.06907920000000001
17,4.5,280.0,0.803336,0.0699776,0.0703607,0.00115262,0.00108628,0.07016915
17,4.5,285.0,0.799125,0.0689617,0.0694364,0.00118594,0.00112478,0.06919905
17,4.5,290.0,0.794807,0.0690902,0.069981,0.00121441,0.00115008,0.0695356
17,4.5,295.0,0.790505,0.0693119,0.0707817,0.00126742,0.00119832,0.07004679999999999
17,4.5,300.0,0.786155,0.0698292,0.0706426,0.00130776,0.00123354,0.07023589999999999
17,4.5,305.0,0.781749,0.0711526,0.0702357,0.00134107,0.00126223,0.07069415
17,4.5,310.0,0.77733,0.0718326,0.0718495,0.00137196,0.00129126,0.07184104999999999
17,4.5,315.0,0.772835,0.0728018,0.0723066,0.00141943,0.00133489,0.0725542
17,4.5,320.0,0.768316,0.0710464,0.0709187,0.00145334,0.00137267,0.07098255
17,4.5,325.0,0.763748,0.0717506,0.0714429,0.00149866,0.00140696,0.07159675
17,4.5,330.0,0.759105,0.0730685,0.0729487,0.00155691,0.00146196,0.0730086
17,4.5,335.0,0.754426,0.072672,0.0724309,0.00160529,0.00150687,0.07255145
17,4.5,340.0,0.749706,0.0733223,0.0752087,0.00165474,0.0015521,0.07426550000000001
17,4.5,345.0,0.744938,0.0722292,0.0724773,0.00170098,0.00159757,0.07235325
17,4.5,350.0,0.74016,0.0738209,0.0747678,0.00176158,0.00165468,0.07429435
17,4.5,355.0,0.73527,0.075488,0.074628,0.00180232,0.00168764,0.075058
17,4.5,360.0,0.730299,0.0747254,0.0736097,0.00186437,0.00174916,0.07416755
17,4.5,365.0,0.725321,0.0756989,0.0738917,0.00191666,0.00179958,0.07479530000000001
17,4.5,370.0,0.720234,0.0751229,0.0744617,0.00197978,0.00185813,0.0747923
17,4.5,375.0,0.715139,0.0744203,0.0762313,0.00205236,0.00191959,0.0753258
17,4.5,380.0,0.709995,0.0756024,0.0752475,0.00210694,0.0019702,0.07542494999999999
17,4.5,385.0,0.704774,0.0777004,0.0765711,0.00216464,0.00201871,0.07713575
17,4.5,390.0,0.699412,0.0779175,0.0761065,0.002241,0.00208793,0.077012
17,4.5,395.0,0.694023,0.0766383,0.0762482,0.00230919,0.00216533,0.07644325
17,4.5,400.0,0.688551,0.0774803,0.0755734,0.00238728,0.00224444,0.07652685000000001
17,4.5,405.0,0.683063,0.0771934,0.0779048,0.00246224,0.00229856,0.0775491
17,4.5,410.0,0.677464,0.0778075,0.0775022,0.00254065,0.00236378,0.07765485
17,4.5,415.0,0.671769,0.0784195,0.0789947,0.00262856,0.00245052,0.0787071
17,4.5,420.0,0.665999,0.0781476,0.0785776,0.0027199,0.00253516,0.0783626
17,4.5,425.0,0.660106,0.0770697,0.079986,0.00281908,0.00262577,0.07852785000000001
17,4.5,430.0,0.654138,0.0794492,0.0795477,0.00290161,0.00269964,0.07949845
17,4.5,435.0,0.6481,0.0807286,0.0777454,0.00300689,0.00279623,0.079237
17,4.5,440.0,0.641926,0.0808872,0.080977,0.003107,0.00288472,0.0809321
17,4.5,445.0,0.635723,0.0817538,0.0805201,0.00322272,0.00297816,0.08113695
17,4.5,450.0,0.629363,0.0817938,0.0826456,0.00333724,0.00308635,0.0822197
17,4.5,455.0,0.622824,0.0813802,0.0818786,0.00346053,0.00321507,0.08162939999999999
17,4.5,460.0,0.616271,0.0827221,0.0832802,0.0035876,0.00332552,0.08300115
17,4.5,465.0,0.609632,0.0845302,0.0822184,0.00371058,0.00342759,0.0833743
17,4.5,470.0,0.602755,0.0825993,0.0834732,0.0038902,0.00358758,0.08303625
17,4.5,475.0,0.595761,0.0828189,0.0816851,0.00401734,0.00371599,0.08225199999999999
17,4.5,480.0,0.588627,0.0838883,0.0844916,0.00421337,0.00387922,0.08418995
17,4.5,485.0,0.581396,0.0845117,0.0850324,0.00433969,0.00399113,0.08477204999999999
17,4.5,490.0,0.573995,0.0856844,0.0840071,0.00454213,0.00418162,0.08484575
17,4.5,495.0,0.566526,0.0841967,0.0867434,0.00469888,0.00432776,0.08547004999999999
17,4.5,500.0,0.55872,0.0866985,0.0855687,0.00491548,0.00451163,0.0861336
17,4.5,505.0,0.550829,0.0870953,0.0861235,0.00517666,0.0047396,0.0866094
17,4.5,510.0,0.542731,0.086013,0.0878377,0.0053752,0.00492681,0.08692535000000001
17,4.5,515.0,0.5344,0.0891729,0.0863062,0.00568073,0.00519818,0.08773955
17,4.5,520.0,0.52592,0.0873296,0.088142,0.00597186,0.0054451,0.0877358
17,4.5,525.0,0.517216,0.0889236,0.0901817,0.00626025,0.00569511,0.08955265000000001
17,4.5,530.0,0.508203,0.0890329,0.0914567,0.00658128,0.00597967,0.0902448
17,4.5,535.0,0.498979,0.0890137,0.0906625,0.00692935,0.00631144,0.0898381
17,4.5,540.0,0.489479,0.089859,0.0896817,0.00728368,0.0066451,0.08977035
17,4.5,545.0,0.479768,0.0910973,0.0897523,0.00775739,0.00703737,0.0904248
17,4.5,550.0,0.469732,0.0917296,0.0920968,0.00828677,0.007493,0.0919132
17,4.5,555.0,0.459347,0.0936046,0.0931774,0.00874596,0.00789203,0.093391
17,4.5,560.0,0.448615,0.0924609,0.0913002,0.00927465,0.00841478,0.09188055
17,4.5,565.0,0.437375,0.0926265,0.0948641,0.00999588,0.00902183,0.0937453
17,4.5,570.0,0.42598,0.0946236,0.0930311,0.0105773,0.00951608,0.09382735
17,4.5,575.0,0.414101,0.0959965,0.0932604,0.0113479,0.0102151,0.09462845
17,4.5,580.0,0.401503,0.0968056,0.0956579,0.0125096,0.0111571,0.09623175
17,4.5,585.0,0.388408,0.0959327,0.0963007,0.0137118,0.0122138,0.0961167
17,4.5,590.0,0.374897,0.0959364,0.0981411,0.0148044,0.013202,0.09703875000000001
17,4.5,595.0,0.360471,0.098266,0.0985164,0.0164143,0.0144412,0.09839120000000001
17,4.5,600.0,0.345404,0.1,0.0969389,0.0182498,0.0161024,0.09846945
17,4.5,605.0,0.329604,0.0989717,0.0984484,0.0204583,0.0178987,0.09871005
17,4.5,610.0,0.312641,0.100231,0.0967531,0.023019,0.0201745,0.09849205
17,4.5,615.0,0.294738,0.100976,0.101066,0.0271327,0.0233394,0.101021
17,4.5,620.0,0.275175,0.101814,0.101573,0.0318711,0.0268526,0.10169349999999999
17,4.5,625.0,0.254041,0.102095,0.106744,0.0408736,0.0329141,0.1044195
17,4.5,630.0,0.229912,0.105839,0.104986,2.67277,0.0443432,0.10541249999999999
17,4.5,635.0,0.203899,0.107522,0.10404,2.09137,0.0581927,0.105781
17,4.5,640.0,0.171148,0.110516,0.108065,1.47874,0.0828996,0.1092905
17,4.5,645.0,0.136573,0.106935,0.10458,0.90285,0.0950051,0.1057575
17,4.5,650.0,0.107685,0.096855,0.0948497,0.521707,0.0840604,0.09585235
17,4.5,655.0,0.0863001,0.0813727,0.0817139,0.300777,0.062746,0.08154330000000001
17,4.5,660.0,0.0721746,0.0676819,0.0686728,0.188662,0.0465667,0.06817735
17,4.5,665.0,0.0624047,0.0573138,0.0572167,0.127568,0.0354872,0.057265250000000004
17,4.5,670.0,0.0551162,0.0479771,0.0481649,0.091736,0.0279434,0.048071
17,4.5,675.0,0.0496841,0.0413283,0.0408935,0.0693761,0.0225727,0.0411109
17,4.5,680.0,0.0456336,0.0359098,0.0357825,0.0553452,0.0189956,0.03584615
17,4.5,685.0,0.042334,0.0314297,0.0314178,0.0457149,0.0162533,0.03142375
17,4.5,690.0,0.0394147,0.0276005,0.0276277,0.0382958,0.0140908,0.027614100000000003
17,4.5,695.0,0.037244,0.024911,0.0249094,0.0330438,0.0124458,0.0249102
17,4.5,700.0,0.0352771,0.0224981,0.0223414,0.0289576,0.0110715,0.022419750000000002
17,4.5,705.0,0.0335275,0.0203968,0.0202772,0.0255342,0.00995321,0.020337
17,4.5,710.0,0.0320788,0.0186251,0.0185763,0.0230169,0.00908201,0.018600699999999998
17,4.5,715.0,0.0307422,0.0170342,0.0171018,0.0207773,0.0082778,0.017068
17,4.5,720.0,0.0295192,0.0157727,0.0157009,0.0187963,0.00756951,0.015736800000000002
17,4.5,725.0,0.0285224,0.0147085,0.0146597,0.0172644,0.00704195,0.014684099999999999
17,4.5,730.0,0.0275911,0.0136677,0.0137139,0.0159283,0.00651902,0.0136908
17,4.5,735.0,0.0266824,0.0127994,0.0127705,0.0146815,0.00607534,0.01278495
17,4.5,740.0,0.0259258,0.0120127,0.0120207,0.0136948,0.00568079,0.0120167
17,4.5,745.0,0.0251751,0.0113121,0.0113196,0.0127372,0.00535374,0.01131585
17,4.5,750.0,0.0245386,0.0106487,0.0106996,0.0120063,0.00502791,0.01067415
17,4.5,755.0,0.0239515,0.0101377,0.0101382,0.0112939,0.0047615,0.01013795
17,4.5,760.0,0.0233963,0.00963345,0.00964113,0.010657,0.00451952,0.00963729
17,4.5,765.0,0.0228466,0.00909989,0.00912163,0.0101232,0.00427119,0.009110759999999999
17,4.5,770.0,0.0223724,0.00871628,0.00869836,0.00959664,0.00407661,0.008707320000000001
17,4.5,775.0,0.021908,0.00830773,0.00832041,0.00911255,0.00389022,0.00831407
17,4.5,780.0,0.0215066,0.00795353,0.00797846,0.00870567,0.00371545,0.007965995
17,4.5,785.0,0.0211032,0.0076494,0.00765206,0.00826966,0.00355478,0.00765073
17,4.5,790.0,0.0207061,0.00732243,0.00731329,0.00791386,0.00340147,0.007317860000000001
17,4.5,795.0,0.0203732,0.00704424,0.00704169,0.00760996,0.00327506,0.007042965
17,4.5,800.0,0.0200157,0.00675892,0.0067536,0.00729868,0.00314232,0.00675626
17,4.5,805.0,0.0197105,0.00654154,0.0065089,0.00700319,0.00302597,0.00652522
17,4.5,810.0,0.0194129,0.00628886,0.0063152,0.00673358,0.00292211,0.00630203
17,4.5,815.0,0.0191175,0.00608499,0.00606493,0.00648108,0.00280888,0.00607496
17,4.5,820.0,0.0188452,0.00586761,0.0058831,0.006248,0.0027179,0.005875355
17,4.5,825.0,0.0185944,0.005695,0.00566598,0.00605121,0.00262556,0.00568049
17,4.5,830.0,0.0183441,0.00551688,0.00550123,0.00583337,0.00254688,0.0055090550000000005
17,4.5,835.0,0.0181129,0.0053303,0.00533623,0.00566064,0.00246476,0.005333265
17,4.5,840.0,0.0178707,0.00516479,0.0051604,0.00547529,0.00238647,0.005162595
17,4.5,845.0,0.0176593,0.00501154,0.00503589,0.00529185,0.00231821,0.005023715
17,4.5,850.0,0.0174478,0.00488527,0.00486436,0.00513561,0.00224892,0.004874814999999999
17,4.5,855.0,0.0172683,0.00474577,0.00474807,0.00500194,0.00219044,0.00474692
17,4.5,860.0,0.0170591,0.00462036,0.00459764,0.00484564,0.00212447,0.004609
17,4.5,865.0,0.0168839,0.00448507,0.0044978,0.0047118,0.00206725,0.004491435
17,4.5,870.0,0.0167063,0.00438264,0.00436652,0.00458382,0.00201419,0.0043745799999999994
17,4.5,875.0,0.0165266,0.00426558,0.00424743,0.00445884,0.00195849,0.004256505
17,4.5,880.0,0.0163708,0.00416209,0.00414774,0.00434998,0.00191467,0.004154915
17,4.5,885.0,0.0162173,0.00406382,0.00405218,0.00423648,0.00186742,0.004058
17,4.5,890.0,0.0160696,0.00395945,0.00396105,0.00413933,0.00182271,0.00396025
17,4.5,895.0,0.0159079,0.00386335,0.00386717,0.00402126,0.00177567,0.00386526
17,4.5,900.0,0.0157719,0.00377517,0.00377677,0.00393856,0.00173872,0.00377597
17,4.5,905.0,0.0156437,0.00369678,0.00370167,0.00384334,0.00170093,0.003699225
17,4.5,910.0,0.0155077,0.00361214,0.00361697,0.0037545,0.00165936,0.003614555
17,4.5,915.0,0.0153748,0.00353541,0.00353319,0.00366607,0.00161969,0.0035342999999999998
17,4.5,920.0,0.0152523,0.00345028,0.00346658,0.00359277,0.00158804,0.00345843
17,4.5,925.0,0.0151398,0.00339582,0.00339167,0.00350997,0.00155447,0.003393745
17,4.5,930.0,0.0150168,0.0033206,0.00331175,0.00344624,0.00152338,0.003316175
17,4.5,935.0,0.0149107,0.0032576,0.00325004,0.00337595,0.00149399,0.00325382
17,4.5,940.0,0.0148009,0.00319489,0.0031932,0.00329859,0.00146422,0.0031940450000000004
17,4.5,945.0,0.0146891,0.00312472,0.00312964,0.0032358,0.00143415,0.0031271800000000002
17,4.5,950.0,0.0145854,0.00307193,0.00306505,0.00317012,0.00140626,0.00306849
17,4.5,955.0,0.0144899,0.00301267,0.00301275,0.00311104,0.00137954,0.00301271
17,4.5,960.0,0.0143918,0.00296009,0.00295413,0.00305182,0.00135373,0.0029571099999999998
17,4.5,965.0,0.0142915,0.00290414,0.00290378,0.0029896,0.00132978,0.0029039599999999997
17,4.5,970.0,0.0142069,0.00284947,0.00285684,0.00294098,0.00130574,0.002853155
17,4.5,975.0,0.0141219,0.00280456,0.00280844,0.00288726,0.00128349,0.0028065
17,4.5,980.0,0.0140332,0.00275575,0.00275982,0.00283685,0.00126237,0.002757785
17,4.5,985.0,0.0139472,0.00271185,0.00270871,0.00278685,0.00123955,0.00271028
17,4.5,990.0,0.013852,0.00265939,0.00266393,0.00273339,0.00121843,0.00266166
17,4.5,995.0,0.0137863,0.0026232,0.00262394,0.00269228,0.00119987,0.00262357
17,4.5,1000.0,0.0137011,0.00257715,0.00257729,0.00264701,0.00117824,0.00257722
18,5.0,0.0,1.0,0.0,0.0,0.0,0.0,0.0
18,5.0,5.0,0.997018,0.0569106,0.0580977,1.19526e-05,1.15213e-05,0.057504150000000004
18,5.0,10.0,0.994024,0.0576976,0.0577341,2.41247e-05,2.33264e-05,0.05771585
18,5.0,15.0,0.991015,0.0575176,0.0563852,3.65682e-05,3.52501e-05,0.0569514
18,5.0,20.0,0.987992,0.0570333,0.0587882,4.91137e-05,4.73114e-05,0.05791075
18,5.0,25.0,0.984954,0.0580605,0.0579632,6.17061e-05,5.95544e-05,0.058011850000000004
18,5.0,30.0,0.981904,0.0556455,0.0588609,7.45719e-05,7.21207e-05,0.057253200000000004
18,5.0,35.0,0.978841,0.0589262,0.0588311,8.74554e-05,8.43178e-05,0.05887865
18,5.0,40.0,0.975758,0.0569493,0.059758,0.000100803,9.72405e-05,0.05835365
18,5.0,45.0,0.972658,0.0578499,0.0576251,0.000113794,0.000109821,0.0577375
18,5.0,50.0,0.969548,0.0600952,0.0587805,0.000128121,0.000122905,0.05943785
18,5.0,55.0,0.966423,0.0589694,0.0585742,0.00014164,0.000137062,0.0587718
18,5.0,60.0,0.963287,0.058278,0.0598834,0.000156355,0.000151094,0.0590807
18,5.0,65.0,0.960124,0.0584282,0.0590688,0.000168814,0.00016269,0.058748499999999995
18,5.0,70.0,0.956949,0.0595489,0.0611732,0.000185725,0.00017799,0.06036105
18,5.0,75.0,0.953759,0.0594451,0.0592448,0.000199439,0.000191456,0.05934495
18,5.0,80.0,0.950556,0.0602575,0.0599195,0.000213998,0.00020607,0.0600885
18,5.0,85.0,0.947324,0.0591158,0.0591986,0.000231699,0.000223272,0.0591572
18,5.0,90.0,0.944086,0.0602155,0.0620675,0.000248701,0.000238593,0.0611415
18,5.0,95.0,0.940823,0.0614522,0.0608411,0.00026549,0.000255082,0.06114665
18,5.0,100.0,0.937547,0.0597742,0.0593484,0.000276173,0.000265522,0.0595613
18,5.0,105.0,0.934263,0.059861,0.0609753,0.000294342,0.000283386,0.060418150000000004
18,5.0,110.0,0.930951,0.0614822,0.0611911,0.000312475,0.000299338,0.06133665
18,5.0,115.0,0.927622,0.0617892,0.0613137,0.000329175,0.00031615,0.06155145
18,5.0,120.0,0.924267,0.0625363,0.0616954,0.000345464,0.000332735,0.06211585
18,5.0,125.0,0.920908,0.0621901,0.0611392,0.000363517,0.000348248,0.06166465
18,5.0,130.0,0.917497,0.0615086,0.0632622,0.000381811,0.000365928,0.0623854
18,5.0,135.0,0.914099,0.0626306,0.0620908,0.000399074,0.000382082,0.0623607
18,5.0,140.0,0.910666,0.0630671,0.0627668,0.000417855,0.000401705,0.06291695
18,5.0,145.0,0.907215,0.0627584,0.0622129,0.000438007,0.000420649,0.062485650000000004
18,5.0,150.0,0.903759,0.0632367,0.0641083,0.000457223,0.000437063,0.06367249999999999
18,5.0,155.0,0.90026,0.0635424,0.0625874,0.000476503,0.000456469,0.06306490000000001
18,5.0,160.0,0.896754,0.0637298,0.063057,0.000496035,0.000476097,0.0633934
18,5.0,165.0,0.893215,0.0648304,0.0634905,0.000516866,0.000494522,0.06416045000000001
18,5.0,170.0,0.889665,0.0629331,0.0634325,0.000535337,0.000513999,0.06318280000000001
18,5.0,175.0,0.88609,0.0647875,0.0635226,0.000555086,0.000530423,0.06415504999999999
18,5.0,180.0,0.882491,0.0651176,0.062939,0.000579551,0.000554208,0.0640283
18,5.0,185.0,0.878869,0.0647678,0.0657064,0.000602174,0.000576882,0.06523709999999999
18,5.0,190.0,0.875234,0.0654915,0.064358,0.000624188,0.000597949,0.06492475
18,5.0,195.0,0.871542,0.0657174,0.0654245,0.000652352,0.000621971,0.06557094999999999
18,5.0,200.0,0.867852,0.0652628,0.0656057,0.000667648,0.000639058,0.06543425
18,5.0,205.0,0.864139,0.0651726,0.0661658,0.000694888,0.000661256,0.0656692
18,5.0,210.0,0.860385,0.0651742,0.0660896,0.000717756,0.000685525,0.06563189999999999
18,5.0,215.0,0.856612,0.0664791,0.0650742,0.000744505,0.000709575,0.06577664999999999
18,5.0,220.0,0.852821,0.0661995,0.0657765,0.000769779,0.00073658,0.06598799999999999
18,5.0,225.0,0.84899,0.0664054,0.0675301,0.000798795,0.000760191,0.06696774999999999
18,5.0,230.0,0.845121,0.066386,0.0664214,0.000822158,0.000786683,0.06640370000000001
18,5.0,235.0,0.841259,0.0667941,0.0649553,0.000850767,0.000812412,0.0658747
18,5.0,240.0,0.837352,0.0678407,0.0675094,0.000874278,0.000834483,0.06767505
18,5.0,245.0,0.833397,0.0667081,0.0677581,0.000906834,0.000863105,0.0672331
18,5.0,250.0,0.829408,0.06645,0.0665699,0.000937117,0.000894795,0.06650995
18,5.0,255.0,0.825398,0.0675773,0.0686469,0.000962745,0.000913741,0.06811210000000001
18,5.0,260.0,0.821375,0.0692557,0.067577,0.000985069,0.000938949,0.06841635
18,5.0,265.0,0.817319,0.0687557,0.0689979,0.00102657,0.000974181,0.0688768
18,5.0,270.0,0.813202,0.0682241,0.0674051,0.00105453,0.0010013,0.0678146
18,5.0,275.0,0.809084,0.0699629,0.0674066,0.00109429,0.00103911,0.06868474999999999
18,5.0,280.0,0.804873,0.0695382,0.0692274,0.00112294,0.00106612,0.0693828
18,5.0,285.0,0.800702,0.0698626,0.0691197,0.00115412,0.00109159,0.06949115
18,5.0,290.0,0.796454,0.0698132,0.0695111,0.00119175,0.0011304,0.06966215
18,5.0,295.0,0.792157,0.0705859,0.0715595,0.00122969,0.00116243,0.07107269999999999
18,5.0,300.0,0.787806,0.0707162,0.0709095,0.00127652,0.00121035,0.07081285000000001
18,5.0,305.0,0.783453,0.0712156,0.0717538,0.00130795,0.00123616,0.07148470000000001
18,5.0,310.0,0.779059,0.0700516,0.071439,0.00134148,0.00127647,0.07074530000000001
18,5.0,315.0,0.774606,0.0717582,0.0717725,0.00139623,0.00132162,0.07176535
18,5.0,320.0,0.770136,0.0721286,0.0716152,0.00144244,0.00136452,0.0718719
18,5.0,325.0,0.765592,0.0731578,0.0725715,0.00147041,0.00138845,0.07286465
18,5.0,330.0,0.760994,0.072632,0.0707446,0.00151842,0.00143764,0.07168830000000001
18,5.0,335.0,0.75637,0.0739405,0.0732383,0.00156931,0.00148364,0.0735894
18,5.0,340.0,0.751712,0.0748304,0.0741295,0.00159909,0.00151709,0.07447995
18,5.0,345.0,0.746952,0.0719268,0.0759414,0.00167029,0.00157715,0.0739341
18,5.0,350.0,0.742191,0.0743441,0.0727217,0.00170207,0.00160408,0.0735329
18,5.0,355.0,0.737342,0.0755431,0.0735458,0.00175602,0.00165464,0.07454445
18,5.0,360.0,0.732463,0.0749391,0.0747666,0.00181784,0.00171519,0.07485285
18,5.0,365.0,0.727479,0.0748968,0.0741949,0.00188359,0.00177397,0.07454585
18,5.0,370.0,0.722509,0.0749115,0.0736957,0.00192578,0.00182002,0.0743036
18,5.0,375.0,0.717449,0.0762416,0.0732232,0.00198296,0.00187135,0.0747324
18,5.0,380.0,0.712298,0.0748142,0.0766576,0.00206501,0.00193478,0.0757359
18,5.0,385.0,0.707088,0.0768076,0.0757428,0.00212297,0.00199052,0.0762752
18,5.0,390.0,0.701825,0.0769077,0.0759278,0.00217999,0.00205161,0.07641775
18,5.0,395.0,0.696491,0.075813,0.0770785,0.00223738,0.00210621,0.07644575
18,5.0,400.0,0.691057,0.0768868,0.0771635,0.00232456,0.00218341,0.07702515
18,5.0,405.0,0.685564,0.0775904,0.0786119,0.00238595,0.002237,0.07810115000000001
18,5.0,410.0,0.680011,0.07905,0.0792804,0.00248115,0.00232763,0.07916519999999999
18,5.0,415.0,0.67437,0.0786163,0.0799693,0.0025641,0.00240297,0.0792928
18,5.0,420.0,0.668632,0.0807943,0.0789079,0.0026504,0.00247634,0.07985110000000001
18,5.0,425.0,0.662856,0.0787265,0.0785746,0.00272999,0.00255589,0.07865055
18,5.0,430.0,0.65692,0.0808125,0.0790829,0.00282556,0.00264566,0.0799477
18,5.0,435.0,0.650921,0.0795877,0.0798222,0.00291209,0.00273783,0.07970495
18,5.0,440.0,0.64485,0.0818739,0.0805718,0.00302667,0.00282093,0.08122285
18,5.0,445.0,0.638619,0.0817565,0.0801793,0.0031514,0.00292825,0.0809679
18,5.0,450.0,0.632326,0.0806029,0.0813547,0.00323199,0.00302715,0.0809788
18,5.0,455.0,0.625918,0.0814668,0.0815659,0.00336882,0.00314186,0.08151635
18,5.0,460.0,0.619359,0.082548,0.0808653,0.00349779,0.00325824,0.08170664999999999
18,5.0,465.0,0.612682,0.0824496,0.0827019,0.00366556,0.00340898,0.08257575
18,5.0,470.0,0.60601,0.0829622,0.0826076,0.0037577,0.0034903,0.0827849
18,5.0,475.0,0.599017,0.0824684,0.0831372,0.00389382,0.00364305,0.0828028
18,5.0,480.0,0.591972,0.0841196,0.083129,0.00408774,0.00380587,0.0836243
18,5.0,485.0,0.584824,0.0838457,0.0847023,0.00426372,0.00396167,0.08427399999999999
18,5.0,490.0,0.577456,0.0839174,0.0858546,0.00439942,0.00407762,0.084886
18,5.0,495.0,0.56999,0.0856482,0.0857126,0.00460159,0.00426474,0.08568039999999999
18,5.0,500.0,0.562241,0.0852812,0.0850172,0.00480326,0.00445769,0.08514920000000001
18,5.0,505.0,0.554404,0.0870433,0.0837811,0.00500352,0.00463685,0.0854122
18,5.0,510.0,0.546457,0.0888529,0.0869424,0.00518749,0.00479781,0.08789765
18,5.0,515.0,0.538182,0.0869904,0.0877259,0.00552995,0.00509805,0.08735815
18,5.0,520.0,0.529758,0.0895085,0.0887988,0.0057582,0.00531256,0.08915365
18,5.0,525.0,0.521162,0.088617,0.0904304,0.00606153,0.00557214,0.0895237
18,5.0,530.0,0.512254,0.0895837,0.0904461,0.00636853,0.00584813,0.09001490000000001
18,5.0,535.0,0.503144,0.0897633,0.0906325,0.00672071,0.00618026,0.0901979
18,5.0,540.0,0.493848,0.089698,0.0904913,0.00700552,0.00643032,0.09009465
18,5.0,545.0,0.483949,0.0905218,0.0909124,0.00752181,0.00690752,0.0907171
18,5.0,550.0,0.474104,0.0915648,0.0923383,0.00796331,0.0072765,0.09195154999999999
18,5.0,555.0,0.463813,0.0947357,0.0934977,0.00848728,0.00769457,0.0941167
18,5.0,560.0,0.453122,0.0927946,0.0913617,0.00902564,0.00825169,0.09207815
18,5.0,565.0,0.442078,0.0916685,0.0917365,0.009595,0.00874006,0.09170249999999999
18,5.0,570.0,0.430799,0.0936356,0.0931336,0.0102546,0.00936267,0.0933846
18,5.0,575.0,0.418827,0.0958776,0.093629,0.0111237,0.0101019,0.0947533
18,5.0,580.0,0.406493,0.0942712,0.0957909,0.0119598,0.0107908,0.09503105
18,5.0,585.0,0.393634,0.0952772,0.0944601,0.012868,0.0116908,0.09486865
18,5.0,590.0,0.380134,0.0953812,0.0957708,0.0140787,0.0127742,0.095576
18,5.0,595.0,0.365854,0.0979695,0.0974663,0.0158837,0.0141682,0.0977179
18,5.0,600.0,0.351052,0.0971547,0.0975047,0.0171328,0.0153775,0.09732969999999999
18,5.0,605.0,0.335237,0.0981511,0.101792,0.0194929,0.0173199,0.09997154999999999
18,5.0,610.0,0.31852,0.0997079,0.10095,0.0222696,0.0196654,0.10032895
18,5.0,615.0,0.300696,0.10099,0.0989029,0.0254476,0.022306,0.09994644999999999
18,5.0,620.0,0.281721,0.100927,0.102944,0.0298058,0.0259514,0.1019355
18,5.0,625.0,0.260815,0.103088,0.102292,0.0361602,0.0311116,0.10269
18,5.0,630.0,0.237642,0.10448,0.105338,3.13579,0.0398946,0.104909
18,5.0,635.0,0.211682,0.108118,0.10691,1.28766,0.0534126,0.107514
18,5.0,640.0,0.181423,0.106935,0.10642,1.82937,0.0747952,0.10667750000000001
18,5.0,645.0,0.146488,0.106685,0.107382,1.192,0.0965658,0.1070335
18,5.0,650.0,0.112526,0.100714,0.0989505,0.661524,0.0937886,0.09983225
18,5.0,655.0,0.0881516,0.0864471,0.0875828,0.364535,0.0710268,0.08701495000000001
18,5.0,660.0,0.0715976,0.0722231,0.0731136,0.212171,0.0513818,0.07266834999999999
18,5.0,665.0,0.0609259,0.0605005,0.0601779,0.137286,0.0379145,0.060339199999999996
18,5.0,670.0,0.0539,0.0506302,0.0504394,0.0997942,0.0299184,0.050534800000000005
18,5.0,675.0,0.0481872,0.0433981,0.0426192,0.0733696,0.0237681,0.04300865
18,5.0,680.0,0.0440172,0.0367873,0.0368517,0.0586088,0.0199197,0.036819500000000005
18,5.0,685.0,0.040671,0.0322681,0.0322177,0.047537,0.0168226,0.032242900000000005
18,5.0,690.0,0.0379919,0.0284362,0.0285909,0.0400771,0.0146434,0.02851355
18,5.0,695.0,0.0356955,0.025426,0.0253347,0.0343981,0.0128819,0.025380350000000003
18,5.0,700.0,0.0337976,0.0230229,0.022929,0.0297737,0.0113967,0.022975950000000002
18,5.0,705.0,0.0321494,0.0207288,0.0208014,0.0265985,0.0103297,0.0207651
18,5.0,710.0,0.0306668,0.0189767,0.019003,0.0234891,0.00925001,0.01898985
18,5.0,715.0,0.0293988,0.0174896,0.0174741,0.0211637,0.00847158,0.01748185
18,5.0,720.0,0.0282903,0.0161226,0.0161528,0.0193213,0.00777322,0.016137699999999998
18,5.0,725.0,0.0272095,0.0149838,0.0148418,0.0175718,0.00713978,0.0149128
18,5.0,730.0,0.0262995,0.0139192,0.0138934,0.0161833,0.00664218,0.0139063
18,5.0,735.0,0.0254992,0.0130279,0.0130683,0.0149836,0.00620358,0.0130481
18,5.0,740.0,0.0246861,0.0122158,0.0121472,0.0138584,0.00575498,0.012181500000000001
18,5.0,745.0,0.0240414,0.0115404,0.0115032,0.0129618,0.00541909,0.011521799999999999
18,5.0,750.0,0.0234006,0.0108497,0.0108737,0.0121687,0.00510782,0.0108617
18,5.0,755.0,0.0228197,0.0102753,0.0102509,0.0114933,0.00482781,0.0102631
18,5.0,760.0,0.0222947,0.0097684,0.00975665,0.0108426,0.00458343,0.009762525000000001
18,5.0,765.0,0.0217556,0.00927739,0.00927109,0.0101835,0.00434041,0.00927424
18,5.0,770.0,0.0212779,0.00879746,0.0088248,0.00968626,0.00412768,0.00881113
18,5.0,775.0,0.0208714,0.00843451,0.00843801,0.00922508,0.00393773,0.00843626
18,5.0,780.0,0.0204643,0.00807846,0.00806505,0.00879016,0.00376646,0.008071755
18,5.0,785.0,0.0200583,0.00770755,0.00770079,0.00839458,0.00359681,0.00770417
18,5.0,790.0,0.0197063,0.0074247,0.00741018,0.00799425,0.00344938,0.00741744
18,5.0,795.0,0.0193624,0.00710593,0.00711265,0.00768443,0.00331146,0.00710929
18,5.0,800.0,0.0190493,0.00683459,0.00685542,0.0073718,0.00317913,0.0068450049999999995
18,5.0,805.0,0.0187531,0.00659067,0.00661741,0.0070771,0.00306203,0.00660404
18,5.0,810.0,0.0184405,0.00635238,0.00634159,0.00679965,0.0029426,0.006346985
18,5.0,815.0,0.0181623,0.0061296,0.00612579,0.00654509,0.00284362,0.006127695
18,5.0,820.0,0.0179165,0.00592561,0.00594338,0.00631143,0.00274722,0.005934495
18,5.0,825.0,0.0176624,0.00572259,0.00574082,0.00609688,0.00265267,0.005731705
18,5.0,830.0,0.0174437,0.00556602,0.00555509,0.00590571,0.00257375,0.005560555
18,5.0,835.0,0.0172128,0.00537906,0.0053949,0.00570601,0.00249124,0.0053869799999999995
18,5.0,840.0,0.0169866,0.00521372,0.0052146,0.00552349,0.00240943,0.00521416
18,5.0,845.0,0.0167695,0.00504989,0.00506322,0.00534292,0.00233566,0.005056555
18,5.0,850.0,0.0165833,0.0049159,0.00492845,0.00518313,0.00227232,0.004922175
18,5.0,855.0,0.0163783,0.00476898,0.00477319,0.00503088,0.00220399,0.0047710849999999996
18,5.0,860.0,0.0162139,0.00465658,0.00465293,0.00488583,0.00214384,0.004654755
18,5.0,865.0,0.0160293,0.00452304,0.00453183,0.00473761,0.00208197,0.004527435
18,5.0,870.0,0.0158681,0.00440384,0.00442346,0.0046153,0.00203245,0.00441365
18,5.0,875.0,0.0156962,0.00428484,0.00429387,0.00449538,0.00197355,0.004289355
18,5.0,880.0,0.0155475,0.00420022,0.00418443,0.00437268,0.00192798,0.004192325
18,5.0,885.0,0.0153926,0.00409653,0.00407264,0.00426279,0.00187727,0.004084585
18,5.0,890.0,0.0152517,0.00398576,0.00399158,0.00415945,0.00183268,0.00398867
18,5.0,895.0,0.0151054,0.00389141,0.00389237,0.00405605,0.00178889,0.0038918900000000003
18,5.0,900.0,0.0149768,0.00381521,0.00380107,0.00396124,0.00175186,0.00380814
18,5.0,905.0,0.0148543,0.00372604,0.00373495,0.00386255,0.00171141,0.003730495
18,5.0,910.0,0.0147098,0.0036277,0.00363873,0.00377847,0.0016706,0.0036332150000000004
18,5.0,915.0,0.0146003,0.00356254,0.00355922,0.00369976,0.00163672,0.0035608799999999998
18,5.0,920.0,0.0144711,0.00347985,0.00347581,0.00361411,0.00159595,0.0034778300000000003
18,5.0,925.0,0.0143726,0.00341577,0.00341171,0.00354294,0.0015662,0.00341374
18,5.0,930.0,0.0142436,0.00334472,0.00333969,0.00344706,0.00153104,0.003342205
18,5.0,935.0,0.0141485,0.00327949,0.00326542,0.00339776,0.00150212,0.003272455
18,5.0,940.0,0.0140501,0.00321166,0.00321603,0.00332611,0.00147452,0.003213845
18,5.0,945.0,0.0139434,0.00314417,0.00315528,0.0032543,0.00144279,0.003149725
18,5.0,950.0,0.0138473,0.00308934,0.00308767,0.00319716,0.00141681,0.003088505
18,5.0,955.0,0.0137437,0.00302668,0.00303151,0.0031265,0.00138695,0.003029095
18,5.0,960.0,0.0136481,0.0029738,0.00297012,0.00306588,0.00136021,0.00297196
18,5.0,965.0,0.0135618,0.00292559,0.00292018,0.00300547,0.00133726,0.002922885
18,5.0,970.0,0.0134794,0.00287077,0.00287195,0.00295739,0.00131534,0.00287136
18,5.0,975.0,0.0133941,0.00281752,0.00282116,0.0029061,0.00129063,0.00281934
18,5.0,980.0,0.0133087,0.00277442,0.00276974,0.0028502,0.00126898,0.00277208
18,5.0,985.0,0.0132268,0.00272702,0.00271783,0.00280349,0.0012461,0.002722425
18,5.0,990.0,0.0131506,0.00267531,0.0026816,0.0027565,0.00122654,0.002678455
18,5.0,995.0,0.0130706,0.00263202,0.00263613,0.00270612,0.0012052,0.002634075
18,5.0,1000.0,0.0129947,0.00258981,0.00259244,0.0026603,0.00118524,0.002591125
20,5.5,0.0,1.0,0.0,0.0,-0.0,-0.0,0.0
20,5.5,5.0,0.997057,0.0571237,0.0567251,1.14198e-05,1.10631e-05,0.0569244
20,5.5,10.0,0.994101,0.0561171,0.0578557,2.30818e-05,2.2455e-05,0.056986400000000006
20,5.5,15.0,0.99113,0.0584539,0.0578815,3.53953e-05,3.42155e-05,0.0581677
20,5.5,20.0,0.988148,0.0578721,0.0581526,4.66262e-05,4.52847e-05,0.058012350000000004
20,5.5,25.0,0.985151,0.0580622,0.0584107,5.95186e-05,5.77637e-05,0.05823645
20,5.5,30.0,0.982138,0.0585402,0.058248,7.18585e-05,6.94698e-05,0.058394100000000004
20,5.5,35.0,0.979112,0.0579016,0.0576321,8.42788e-05,8.1754e-05,0.057766849999999995
20,5.5,40.0,0.976068,0.0590824,0.0584759,9.75578e-05,9.46842e-05,0.05877915
20,5.5,45.0,0.973015,0.0574711,0.0583038,0.000110152,0.000106817,0.05788745
20,5.5,50.0,0.969945,0.0582494,0.0581616,0.000122105,0.000118608,0.0582055
20,5.5,55.0,0.966864,0.0598502,0.0587291,0.000137354,0.00013304,0.05928965
20,5.5,60.0,0.963756,0.0597625,0.059107,0.00015129,0.00014681,0.05943475
20,5.5,65.0,0.960645,0.0606818,0.0589927,0.000164592,0.000158996,0.05983725
20,5.5,70.0,0.957511,0.0615739,0.0589873,0.000176334,0.000170432,0.060280600000000004
20,5.5,75.0,0.954365,0.0588438,0.0597819,0.000191487,0.000185355,0.05931285
20,5.5,80.0,0.951199,0.058523,0.0584384,0.000206962,0.000200818,0.0584807
20,5.5,85.0,0.948021,0.0606387,0.0613011,0.000221576,0.000213985,0.060969899999999994
20,5.5,90.0,0.944815,0.0601368,0.0599624,0.000235464,0.000228506,0.060049599999999995
20,5.5,95.0,0.941608,0.0594704,0.0591445,0.000251989,0.000243568,0.05930745
20,5.5,100.0,0.938371,0.0611776,0.0600648,0.000266215,0.000257156,0.0606212
20,5.5,105.0,0.935127,0.0615433,0.0603736,0.000284071,0.000274701,0.06095845
20,5.5,110.0,0.931851,0.0610129,0.0604974,0.000299543,0.000289408,0.06075515
20,5.5,115.0,0.928569,0.0626021,0.0609753,0.000315105,0.000303985,0.0617887
20,5.5,120.0,0.925266,0.0593486,0.0606274,0.000330712,0.000320312,0.059988
20,5.5,125.0,0.921939,0.0617382,0.0618746,0.000346955,0.00033565,0.0618064
20,5.5,130.0,0.918604,0.0622576,0.0611415,0.000364565,0.000352535,0.061699550000000006
20,5.5,135.0,0.915236,0.0616022,0.0619536,0.000385126,0.00037135,0.0617779
20,5.5,140.0,0.91186,0.0629624,0.0620833,0.000402533,0.000388924,0.06252285
20,5.5,145.0,0.908461,0.0621795,0.0626924,0.000421803,0.000406713,0.06243595
20,5.5,150.0,0.905025,0.0623993,0.0628101,0.000438086,0.00042434,0.0626047
20,5.5,155.0,0.901596,0.0625287,0.0637339,0.000455194,0.0004396,0.0631313
20,5.5,160.0,0.898123,0.0647033,0.0625135,0.000478293,0.000460856,0.06360840000000001
20,5.5,165.0,0.894645,0.0647375,0.0622994,0.000497128,0.000478599,0.06351845
20,5.5,170.0,0.891136,0.0640347,0.0640332,0.000517787,0.000499484,0.06403395
20,5.5,175.0,0.887614,0.0650989,0.0633784,0.000533338,0.000513266,0.06423865000000001
20,5.5,180.0,0.884055,0.0631352,0.0628414,0.000556994,0.00053807,0.0629883
20,5.5,185.0,0.880488,0.0652236,0.0638034,0.000578813,0.000557095,0.0645135
20,5.5,190.0,0.876889,0.0632685,0.0651382,0.000602518,0.000578783,0.06420334999999999
20,5.5,195.0,0.873271,0.0643796,0.0645825,0.000622366,0.000599697,0.06448105
20,5.5,200.0,0.869609,0.0648644,0.0649543,0.00064507,0.000619881,0.06490935
20,5.5,205.0,0.865951,0.0645241,0.0644054,0.000670349,0.000646441,0.06446475
20,5.5,210.0,0.862262,0.0660382,0.0667325,0.000690302,0.000662533,0.06638535000000001
20,5.5,215.0,0.858534,0.065712,0.0656572,0.000713038,0.000686022,0.06568460000000001
20,5.5,220.0,0.854794,0.064942,0.0666976,0.000736382,0.00071,0.0658198
20,5.5,225.0,0.851018,0.0675521,0.0647888,0.000765994,0.00073612,0.06617044999999999
20,5.5,230.0,0.847222,0.0661023,0.0654076,0.000791417,0.000760681,0.06575495
20,5.5,235.0,0.843372,0.0668922,0.0663166,0.000812148,0.000779838,0.06660440000000001
20,5.5,240.0,0.839492,0.0657771,0.0669504,0.000841489,0.000808954,0.06636375
20,5.5,245.0,0.835614,0.0668533,0.0668143,0.000864876,0.000832646,0.0668338
20,5.5,250.0,0.83171,0.0664929,0.0691139,0.000896078,0.000862103,0.0678034
20,5.5,255.0,0.82777,0.0676658,0.0681545,0.000920787,0.000885879,0.06791015
20,5.5,260.0,0.823778,0.0694565,0.0681654,0.000955792,0.000912044,0.06881095000000001
20,5.5,265.0,0.819762,0.0673169,0.0673905,0.000979968,0.00094266,0.0673537
20,5.5,270.0,0.815733,0.0697755,0.068256,0.00101337,0.000973383,0.06901575
20,5.5,275.0,0.81163,0.068044,0.0677609,0.00104769,0.00100401,0.06790245
20,5.5,280.0,0.807539,0.0695615,0.0706092,0.00108252,0.00103748,0.07008534999999999
20,5.5,285.0,0.803374,0.0689924,0.0700434,0.00111007,0.00106571,0.0695179
20,5.5,290.0,0.799185,0.0687916,0.0720567,0.00113602,0.00108674,0.07042414999999999
20,5.5,295.0,0.794959,0.0700835,0.0708642,0.00118458,0.00113033,0.07047385
20,5.5,300.0,0.790703,0.0706863,0.070016,0.00121169,0.00116029,0.07035115
20,5.5,305.0,0.786377,0.0715565,0.0690643,0.00126134,0.00120701,0.0703104
20,5.5,310.0,0.782073,0.0706627,0.0706529,0.00129219,0.00123611,0.07065779999999999
20,5.5,315.0,0.777646,0.0720944,0.0702242,0.00133089,0.0012706,0.07115930000000001
20,5.5,320.0,0.773213,0.0709482,0.0720507,0.00136874,0.00131076,0.07149944999999999
20,5.5,325.0,0.768751,0.0715498,0.0720527,0.00139961,0.00134092,0.07180125
20,5.5,330.0,0.764229,0.0713497,0.0730829,0.00145095,0.0013863,0.07221630000000001
20,5.5,335.0,0.759661,0.0732671,0.0707525,0.00149402,0.00142804,0.0720098
20,5.5,340.0,0.75504,0.0722805,0.0730239,0.00154798,0.00147561,0.0726522
20,5.5,345.0,0.75037,0.0742776,0.0728368,0.00159972,0.00152171,0.07355719999999999
20,5.5,350.0,0.745687,0.0731304,0.0734734,0.0016315,0.00155154,0.0733019
20,5.5,355.0,0.740867,0.0734954,0.0734384,0.00169601,0.00161598,0.0734669
20,5.5,360.0,0.736051,0.075595,0.0766035,0.00173507,0.00165264,0.07609925000000001
20,5.5,365.0,0.73119,0.0748954,0.0742492,0.00178896,0.0017026,0.07457230000000001
20,5.5,370.0,0.726262,0.0761866,0.0743102,0.00184532,0.00176116,0.0752484
20,5.5,375.0,0.721257,0.0741649,0.0758632,0.00189417,0.00180704,0.07501405
20,5.5,380.0,0.716175,0.0751556,0.077121,0.00198245,0.00188528,0.07613829999999999
20,5.5,385.0,0.711075,0.0754278,0.0771561,0.00200464,0.00191063,0.07629195
20,5.5,390.0,0.705856,0.0758793,0.0746134,0.0020808,0.00198209,0.07524634999999999
20,5.5,395.0,0.700611,0.0752814,0.0771115,0.00215551,0.00204652,0.07619645
20,5.5,400.0,0.695254,0.0766447,0.0755058,0.00222539,0.00211752,0.07607525
20,5.5,405.0,0.689847,0.0769487,0.0786569,0.00229401,0.0021747,0.0778028
20,5.5,410.0,0.684384,0.0785395,0.0797851,0.00237091,0.00224074,0.07916229999999999
20,5.5,415.0,0.678812,0.0800354,0.078174,0.00244624,0.00231495,0.0791047
20,5.5,420.0,0.673175,0.0791394,0.0785604,0.00253468,0.00239458,0.0788499
20,5.5,425.0,0.667424,0.0788707,0.0783218,0.00261582,0.00248104,0.07859625
20,5.5,430.0,0.661587,0.079055,0.0784411,0.00270038,0.00255875,0.07874805
20,5.5,435.0,0.655719,0.0798147,0.0800139,0.00277912,0.00262965,0.0799143
20,5.5,440.0,0.649655,0.0785094,0.0804628,0.00286966,0.00272241,0.0794861
20,5.5,445.0,0.643567,0.0799496,0.0811014,0.00300577,0.00283674,0.0805255
20,5.5,450.0,0.637373,0.0814434,0.0811715,0.00310039,0.00293203,0.08130745
20,5.5,455.0,0.631033,0.0812173,0.0830625,0.00319112,0.00301491,0.0821399
20,5.5,460.0,0.62458,0.080826,0.0807918,0.0033252,0.0031505,0.08080889999999999
20,5.5,465.0,0.618054,0.0836663,0.0827126,0.00347354,0.00326969,0.08318945
20,5.5,470.0,0.611388,0.0831626,0.0829409,0.00358691,0.00337926,0.08305175000000001
20,5.5,475.0,0.60457,0.0823925,0.0842122,0.0037029,0.00347846,0.08330235
20,5.5,480.0,0.597708,0.0846348,0.0841568,0.00386718,0.00363916,0.08439579999999999
20,5.5,485.0,0.590524,0.0853031,0.0845082,0.0040515,0.00380526,0.08490565
20,5.5,490.0,0.583319,0.0850288,0.0832655,0.00418247,0.00393319,0.08414715
20,5.5,495.0,0.57595,0.0861121,0.0865318,0.0044062,0.00412754,0.08632195000000001
20,5.5,500.0,0.568387,0.0848987,0.0843813,0.00455325,0.00427843,0.08463999999999999
20,5.5,505.0,0.560579,0.0874257,0.0879134,0.00478077,0.00446849,0.08766955
20,5.5,510.0,0.552737,0.0878319,0.0881617,0.00497083,0.00466203,0.0879968
20,5.5,515.0,0.544617,0.0865892,0.0889681,0.00524159,0.00490678,0.08777865
20,5.5,520.0,0.536299,0.0870387,0.0865849,0.00549315,0.00514799,0.0868118
20,5.5,525.0,0.527781,0.0874959,0.0884101,0.00573077,0.00536053,0.087953
20,5.5,530.0,0.519088,0.089884,0.0887969,0.0060475,0.00564425,0.08934045
20,5.5,535.0,0.510129,0.0887171,0.0903805,0.00629904,0.00589044,0.0895488
20,5.5,540.0,0.500855,0.0891465,0.0900755,0.00668553,0.0062571,0.089611
20,5.5,545.0,0.49134,0.091526,0.090818,0.00705255,0.00657673,0.091172
20,5.5,550.0,0.481498,0.0904462,0.09099,0.00750162,0.00698542,0.0907181
20,5.5,555.0,0.471416,0.091672,0.0910273,0.00796105,0.00741474,0.09134965
20,5.5,560.0,0.460861,0.0918844,0.0933413,0.00853174,0.00790332,0.09261285
20,5.5,565.0,0.450097,0.0931797,0.0917416,0.0090411,0.00836588,0.09246065
20,5.5,570.0,0.438753,0.0936034,0.0954982,0.00969166,0.00897827,0.0945508
20,5.5,575.0,0.427149,0.0941034,0.0954045,0.0104171,0.00965159,0.09475395
20,5.5,580.0,0.414839,0.0953057,0.0950816,0.0113192,0.0104647,0.09519364999999999
20,5.5,585.0,0.402287,0.0945378,0.0951174,0.0123114,0.0113672,0.09482760000000001
20,5.5,590.0,0.389066,0.0957255,0.0968975,0.0133839,0.0123083,0.0963115
20,5.5,595.0,0.375069,0.0982786,0.0975203,0.0147017,0.0134425,0.09789945
20,5.5,600.0,0.360402,0.0968652,0.0971983,0.0162949,0.0149254,0.09703175
20,5.5,605.0,0.344926,0.0996261,0.0971405,0.0179417,0.016396,0.0983833
20,5.5,610.0,0.328551,0.0992239,0.0999588,0.0205329,0.0186103,0.09959135
20,5.5,615.0,0.311202,0.099495,0.101495,0.0231973,0.0209644,0.100495
20,5.5,620.0,0.292369,0.101731,0.101513,0.0272993,0.0245311,0.101622
20,5.5,625.0,0.272176,0.101286,0.104101,0.0326182,0.0286867,0.1026935
20,5.5,630.0,0.249753,0.101593,0.103107,3.74824,0.035275,0.10235
20,5.5,635.0,0.225103,0.1055,0.103994,0.0521074,0.0445565,0.104747
20,5.5,640.0,0.196618,0.106512,0.107126,2.68965,0.0629164,0.106819
20,5.5,645.0,0.162692,0.10857,0.109157,1.8524,0.094337,0.1088635
20,5.5,650.0,0.125005,0.105937,0.10638,1.06412,0.113234,0.1061585
20,5.5,655.0,0.0934683,0.0975485,0.0959191,0.54527,0.0933179,0.0967338
20,5.5,660.0,0.0723324,0.0800241,0.0792467,0.288869,0.0645058,0.0796354
20,5.5,665.0,0.0595236,0.066223,0.0662172,0.170814,0.045408,0.0662201
20,5.5,670.0,0.0513036,0.0544715,0.0544236,0.115295,0.0340717,0.05444755
20,5.5,675.0,0.045679,0.0454387,0.0462275,0.0844847,0.0265677,0.0458331
20,5.5,680.0,0.0414146,0.0393088,0.0394942,0.0649071,0.0216389,0.0394015
20,5.5,685.0,0.0380969,0.0340971,0.0340964,0.0525192,0.018169,0.034096749999999995
20,5.5,690.0,0.0352573,0.0300315,0.0299737,0.0428162,0.0156295,0.030002599999999997
20,5.5,695.0,0.033056,0.0265482,0.0267114,0.0363068,0.013475,0.026629800000000002
20,5.5,700.0,0.0312276,0.0238684,0.0238976,0.0316645,0.0120084,0.023883
20,5.5,705.0,0.0296446,0.0217031,0.0217083,0.0275868,0.0106708,0.0217057
20,5.5,710.0,0.028219,0.0197379,0.0197201,0.0244896,0.00966746,0.019729
20,5.5,715.0,0.0270082,0.0180144,0.0180691,0.0220435,0.00875181,0.018041750000000002
20,5.5,720.0,0.0259435,0.0166204,0.0166281,0.0200317,0.00803741,0.01662425
20,5.5,725.0,0.0249998,0.0153941,0.0153997,0.0183399,0.00741196,0.015396900000000002
20,5.5,730.0,0.0241274,0.0143587,0.014311,0.0167818,0.00685734,0.01433485
20,5.5,735.0,0.0233156,0.0133806,0.0133012,0.0154782,0.00636442,0.0133409
20,5.5,740.0,0.0226064,0.0125062,0.0125385,0.0143134,0.00593419,0.01252235
20,5.5,745.0,0.0220079,0.011778,0.0118099,0.01346,0.00558289,0.011793950000000001
20,5.5,750.0,0.0213896,0.0111295,0.0111273,0.012518,0.00525142,0.0111284
20,5.5,755.0,0.0208495,0.0105194,0.010506,0.0117864,0.00494611,0.0105127
20,5.5,760.0,0.02034,0.00996917,0.00995089,0.0111031,0.00467749,0.00996003
20,5.5,765.0,0.0198676,0.00947298,0.00944308,0.0104935,0.00443751,0.00945803
20,5.5,770.0,0.0194471,0.00901305,0.00903166,0.0099588,0.00423269,0.009022355
20,5.5,775.0,0.0190171,0.00858334,0.00860731,0.00940832,0.00401419,0.008595325000000001
20,5.5,780.0,0.0186479,0.00821739,0.0082314,0.00896901,0.00384077,0.008224394999999999
20,5.5,785.0,0.0183008,0.00787969,0.00786668,0.0085727,0.0036704,0.007873185
20,5.5,790.0,0.0179609,0.00754573,0.00755281,0.00818303,0.00351848,0.00754927
20,5.5,795.0,0.0176434,0.00724423,0.00725962,0.00781542,0.0033687,0.007251924999999999
20,5.5,800.0,0.0173186,0.00694407,0.00692992,0.00749881,0.00322747,0.006936995
20,5.5,805.0,0.017059,0.0067059,0.00669179,0.00721628,0.00311809,0.006698845
20,5.5,810.0,0.0168007,0.00645273,0.00647762,0.00693601,0.00300089,0.006465175
20,5.5,815.0,0.0165445,0.00621579,0.00625438,0.00668024,0.00289583,0.006235085
20,5.5,820.0,0.0162991,0.00602641,0.00601858,0.00642479,0.0027901,0.006022495
20,5.5,825.0,0.0160763,0.00584494,0.00581517,0.00619742,0.00269605,0.005830055
20,5.5,830.0,0.0158477,0.00563783,0.00562101,0.0059923,0.00260655,0.0056294199999999996
20,5.5,835.0,0.0156375,0.00546957,0.00544704,0.00578104,0.00252423,0.005458305
20,5.5,840.0,0.0154479,0.0052923,0.00529807,0.00560397,0.00244482,0.005295185
20,5.5,845.0,0.0152487,0.00514184,0.00513614,0.00541322,0.00237329,0.0051389899999999995
20,5.5,850.0,0.0150722,0.00499084,0.00498858,0.0052592,0.00230391,0.00498971
20,5.5,855.0,0.0148989,0.00484896,0.00484965,0.00510221,0.0022357,0.004849305
20,5.5,860.0,0.0147291,0.00471435,0.00471111,0.00495736,0.00217389,0.00471273
20,5.5,865.0,0.0145697,0.0045806,0.00458787,0.00482583,0.00211718,0.004584235
20,5.5,870.0,0.0144105,0.00446598,0.00446054,0.00468384,0.00205822,0.00446326
20,5.5,875.0,0.0142668,0.00435025,0.00435545,0.00455758,0.00200495,0.00435285
20,5.5,880.0,0.0141147,0.00423439,0.00424067,0.00443158,0.00194979,0.00423753
20,5.5,885.0,0.0139708,0.00411995,0.00414029,0.0043162,0.00190248,0.004130119999999999
20,5.5,890.0,0.0138486,0.00404018,0.0040365,0.0042092,0.00185677,0.00403834
20,5.5,895.0,0.0137194,0.00394977,0.00393747,0.00410343,0.00181241,0.00394362
20,5.5,900.0,0.0136025,0.00386118,0.00385116,0.00401138,0.0017737,0.00385617
20,5.5,905.0,0.0134793,0.00376854,0.00376021,0.00392019,0.00173242,0.003764375
20,5.5,910.0,0.0133625,0.00368159,0.00368013,0.00382604,0.00169136,0.00368086
20,5.5,915.0,0.0132489,0.0035963,0.00360096,0.00374127,0.00165393,0.0035986300000000002
20,5.5,920.0,0.0131424,0.00352358,0.00351957,0.00366165,0.00161856,0.003521575
20,5.5,925.0,0.0130356,0.00344733,0.00345518,0.00357251,0.00158408,0.0034512550000000003
20,5.5,930.0,0.0129346,0.00337451,0.00337815,0.00350243,0.00154845,0.00337633
20,5.5,935.0,0.0128434,0.00331212,0.00331126,0.00343507,0.00152016,0.00331169
20,5.5,940.0,0.0127398,0.00324156,0.00324818,0.00335561,0.00148884,0.00324487
20,5.5,945.0,0.0126511,0.00318202,0.00317619,0.00329597,0.00145732,0.0031791049999999998
20,5.5,950.0,0.0125527,0.00311635,0.00311481,0.00322622,0.00142993,0.0031155799999999997
20,5.5,955.0,0.0124675,0.00306274,0.00305343,0.00316365,0.00140249,0.0030580850000000003
20,5.5,960.0,0.0123745,0.00299799,0.00299939,0.00309787,0.00137533,0.00299869
20,5.5,965.0,0.0123024,0.00294935,0.00295058,0.00304118,0.00135046,0.0029499649999999997
20,5.5,970.0,0.0122242,0.00289763,0.00290071,0.00298454,0.00132704,0.00289917
20,5.5,975.0,0.0121465,0.00284024,0.00284658,0.00293986,0.00130308,0.00284341
20,5.5,980.0,0.012069,0.00279939,0.00279517,0.00288028,0.00128123,0.00279728
20,5.5,985.0,0.0119969,0.00274936,0.00275309,0.00282842,0.00125906,0.0027512250000000004
20,5.5,990.0,0.0119203,0.00270412,0.0026999,0.00277996,0.00123747,0.00270201
20,5.5,995.0,0.0118426,0.00265301,0.00265908,0.00272612,0.0012164,0.002656045
20,5.5,1000.0,0.0117801,0.00261237,0.00261513,0.00268524,0.0011965,0.0026137499999999998
22,6.0,0.0,1.0,0.0,0.0,-0.0,-0.0,0.0
22,6.0,5.0,0.997088,0.058594,0.0537605,1.09156e-05,1.06556e-05,0.05617725
22,6.0,10.0,0.994164,0.0579764,0.0608032,2.22362e-05,2.1666e-05,0.0593898
22,6.0,15.0,0.991225,0.057739,0.0556823,3.33587e-05,3.26137e-05,0.05671065
22,6.0,20.0,0.988275,0.0579084,0.0576261,4.51642e-05,4.37034e-05,0.05776725
22,6.0,25.0,0.985308,0.0612439,0.0562571,5.73535e-05,5.61318e-05,0.0587505
22,6.0,30.0,0.982327,0.0565025,0.0563869,7.00217e-05,6.78223e-05,0.0564447
22,6.0,35.0,0.979336,0.0551147,0.05715,8.07459e-05,7.91951e-05,0.05613235
22,6.0,40.0,0.976324,0.0600347,0.0586122,9.30485e-05,9.04941e-05,0.05932345
22,6.0,45.0,0.973302,0.0612831,0.0623453,0.000108963,0.000105481,0.0618142
22,6.0,50.0,0.970276,0.0555213,0.0598267,0.000117688,0.00011416,0.057674
22,6.0,55.0,0.967217,0.0592944,0.0539606,0.000131155,0.000128124,0.0566275
22,6.0,60.0,0.964164,0.0641184,0.0631526,0.000144995,0.000139912,0.06363550000000001
22,6.0,65.0,0.961064,0.058787,0.0612845,0.000160551,0.000155548,0.06003575
22,6.0,70.0,0.957952,0.054562,0.063923,0.000173602,0.00016854,0.0592425
22,6.0,75.0,0.95485,0.0597776,0.0617847,0.000189156,0.000183997,0.06078115
22,6.0,80.0,0.951736,0.0616743,0.061041,0.000201541,0.000195824,0.06135765
22,6.0,85.0,0.948597,0.0629246,0.0599965,0.000211531,0.000205015,0.06146055
22,6.0,90.0,0.945417,0.0578092,0.06034,0.000228043,0.000221793,0.0590746
22,6.0,95.0,0.942251,0.0628485,0.0593039,0.00024542,0.000237745,0.0610762
22,6.0,100.0,0.939052,0.0597979,0.0582528,0.000256337,0.000250847,0.059025350000000004
22,6.0,105.0,0.93581,0.0586936,0.0609566,0.000280822,0.000271923,0.0598251
22,6.0,110.0,0.932599,0.0612328,0.0618392,0.000292459,0.00028471,0.061535999999999993
22,6.0,115.0,0.929348,0.0623889,0.0625022,0.000301332,0.000292389,0.062445549999999996
22,6.0,120.0,0.926097,0.0631871,0.059589,0.000312714,0.000304223,0.06138805
22,6.0,125.0,0.922797,0.0561059,0.0597098,0.00034008,0.000330338,0.05790785
22,6.0,130.0,0.919499,0.066935,0.0632215,0.000354657,0.000343458,0.06507825
22,6.0,135.0,0.916166,0.0617748,0.0598154,0.000370155,0.000360304,0.0607951
22,6.0,140.0,0.912839,0.061915,0.0623627,0.000389429,0.000378445,0.062138849999999995
22,6.0,145.0,0.909444,0.0654602,0.0604582,0.000404199,0.000393942,0.06295919999999999
22,6.0,150.0,0.906057,0.0612949,0.05957,0.000430316,0.000419741,0.06043245
22,6.0,155.0,0.902669,0.0606697,0.0634584,0.00045216,0.000437068,0.062064049999999996
22,6.0,160.0,0.899298,0.0632403,0.0643481,0.000469101,0.000451079,0.0637942
22,6.0,165.0,0.895807,0.0609707,0.0666183,0.000482424,0.000467365,0.0637945
22,6.0,170.0,0.892336,0.0631344,0.0618176,0.000509112,0.000494653,0.062476
22,6.0,175.0,0.888866,0.0634022,0.0632848,0.000509999,0.000495972,0.0633435
22,6.0,180.0,0.885348,0.0637056,0.0673725,0.000540279,0.000526126,0.06553905
22,6.0,185.0,0.881806,0.0596914,0.0647536,0.000562322,0.000540458,0.0622225
22,6.0,190.0,0.878265,0.065451,0.0624412,0.000578143,0.000560017,0.0639461
22,6.0,195.0,0.874682,0.0615618,0.06876,0.000617361,0.000598565,0.0651609
22,6.0,200.0,0.87106,0.0695448,0.0644137,0.000636397,0.000614753,0.06697925
22,6.0,205.0,0.867438,0.0675789,0.0649266,0.000650915,0.000624011,0.06625275
22,6.0,210.0,0.863729,0.0663154,0.063973,0.000658715,0.000644754,0.0651442
22,6.0,215.0,0.86013,0.0672769,0.0634353,0.000699576,0.000678492,0.0653561
22,6.0,220.0,0.856407,0.0645735,0.0662863,0.000712059,0.000684373,0.06542990000000001
22,6.0,225.0,0.85264,0.0675663,0.0653609,0.000740567,0.000715327,0.0664636
22,6.0,230.0,0.848872,0.0641232,0.0685895,0.00076848,0.000740174,0.06635635000000001
22,6.0,235.0,0.84512,0.0694541,0.066579,0.000776795,0.000745809,0.06801655000000001
22,6.0,240.0,0.841328,0.0675115,0.0667039,0.000827035,0.000791898,0.06710769999999999
22,6.0,245.0,0.837441,0.067011,0.0719054,0.000835537,0.00081058,0.0694582
22,6.0,250.0,0.833578,0.0679409,0.0666681,0.000862033,0.000827486,0.06730449999999999
22,6.0,255.0,0.829655,0.069608,0.0677232,0.000890738,0.000859845,0.0686656
22,6.0,260.0,0.825747,0.070923,0.0658225,0.000921869,0.000885565,0.06837275000000001
22,6.0,265.0,0.821706,0.0671717,0.0655635,0.000963699,0.000935642,0.0663676
22,6.0,270.0,0.817757,0.0656593,0.0675785,0.000950851,0.000921059,0.06661890000000001
22,6.0,275.0,0.813773,0.0706873,0.0669813,0.00101438,0.00097124,0.06883429999999999
22,6.0,280.0,0.809722,0.0698789,0.0660073,0.00104239,0.00101221,0.0679431
22,6.0,285.0,0.805576,0.0685114,0.0654012,0.00106405,0.00102861,0.0669563
22,6.0,290.0,0.801377,0.0729903,0.0667471,0.00112273,0.00108174,0.0698687
22,6.0,295.0,0.797224,0.0669791,0.0700668,0.00112234,0.0010883,0.06852295
22,6.0,300.0,0.792985,0.0719678,0.0669534,0.00117672,0.00113659,0.0694606
22,6.0,305.0,0.788796,0.0683805,0.0682821,0.00120819,0.0011604,0.0683313
22,6.0,310.0,0.784494,0.0700396,0.0696927,0.00122919,0.00118369,0.06986614999999999
22,6.0,315.0,0.780175,0.073166,0.0671977,0.00128947,0.00123801,0.07018184999999999
22,6.0,320.0,0.775761,0.0714013,0.0721613,0.00131698,0.00127002,0.07178129999999999
22,6.0,325.0,0.771358,0.0749852,0.0734679,0.00137099,0.00131277,0.07422655
22,6.0,330.0,0.766892,0.0734639,0.0718239,0.00138964,0.00133352,0.0726439
22,6.0,335.0,0.762381,0.0710829,0.0794728,0.00141116,0.00135656,0.07527785000000001
22,6.0,340.0,0.7578,0.071453,0.0716016,0.00146851,0.00140568,0.0715273
22,6.0,345.0,0.753178,0.072887,0.0736882,0.00154519,0.00148525,0.0732876
22,6.0,350.0,0.748572,0.0709718,0.0738188,0.00153277,0.00147156,0.0723953
22,6.0,355.0,0.743788,0.0722565,0.0794854,0.00163429,0.00156256,0.07587094999999999
22,6.0,360.0,0.739112,0.0734481,0.0698282,0.00164881,0.001581,0.07163815000000001
22,6.0,365.0,0.734214,0.0715117,0.074368,0.00177602,0.00170262,0.07293985
22,6.0,370.0,0.729343,0.075953,0.0765482,0.0017581,0.00168951,0.0762506
22,6.0,375.0,0.724405,0.0779451,0.0822313,0.00182319,0.00174425,0.0800882
22,6.0,380.0,0.719361,0.0786287,0.073521,0.00189922,0.00181984,0.07607485
22,6.0,385.0,0.714369,0.0783982,0.0801247,0.00195552,0.00185745,0.07926145
22,6.0,390.0,0.709144,0.074323,0.0823686,0.00201504,0.00192331,0.0783458
22,6.0,395.0,0.703913,0.0794066,0.0733333,0.00204963,0.00196528,0.07636994999999999
22,6.0,400.0,0.698692,0.0745602,0.0796348,0.00213702,0.00204807,0.0770975
22,6.0,405.0,0.693465,0.0762078,0.0787246,0.00225512,0.00214497,0.07746620000000001
22,6.0,410.0,0.68802,0.0773576,0.0796488,0.00225702,0.00216229,0.0785032
22,6.0,415.0,0.682474,0.0802257,0.0820993,0.00237915,0.00227287,0.0811625
22,6.0,420.0,0.676767,0.0739324,0.0809237,0.00243118,0.00231501,0.07742805
22,6.0,425.0,0.671284,0.078091,0.0770235,0.00251912,0.00241048,0.07755725
22,6.0,430.0,0.665599,0.0792944,0.078129,0.00254757,0.0024517,0.0787117
22,6.0,435.0,0.659757,0.0800835,0.0792251,0.00267569,0.00257246,0.07965430000000001
22,6.0,440.0,0.653836,0.0847576,0.0797949,0.00282758,0.00269567,0.08227625
22,6.0,445.0,0.647562,0.0772586,0.083548,0.00286038,0.00272684,0.0804033
22,6.0,450.0,0.641541,0.0787716,0.0786701,0.00299407,0.00287099,0.07872085000000001
22,6.0,455.0,0.63525,0.0822482,0.0810287,0.00308792,0.00294095,0.08163845
22,6.0,460.0,0.628885,0.0791494,0.0832931,0.00323094,0.00309174,0.08122125
22,6.0,465.0,0.622395,0.0832256,0.080902,0.00323227,0.00309002,0.08206379999999999
22,6.0,470.0,0.615814,0.0765821,0.0831328,0.00339899,0.00325315,0.07985745
22,6.0,475.0,0.60909,0.0834215,0.0872605,0.00352684,0.00335363,0.085341
22,6.0,480.0,0.602313,0.0861697,0.0837123,0.00376473,0.00352854,0.084941
22,6.0,485.0,0.595336,0.0801568,0.083076,0.00390062,0.00369907,0.0816164
22,6.0,490.0,0.588173,0.080843,0.0847904,0.00397787,0.00379964,0.0828167
22,6.0,495.0,0.580708,0.0829827,0.086076,0.00418976,0.00397772,0.08452935
22,6.0,500.0,0.573425,0.0820564,0.0886613,0.0043407,0.00413529,0.08535885
22,6.0,505.0,0.565742,0.0863399,0.0846203,0.00445826,0.00422673,0.0854801
22,6.0,510.0,0.557916,0.085844,0.0897149,0.00476864,0.00447855,0.08777945000000001
22,6.0,515.0,0.549923,0.0895679,0.085751,0.00514158,0.00484644,0.08765945
22,6.0,520.0,0.541701,0.0888933,0.088876,0.00508685,0.00483507,0.08888465
22,6.0,525.0,0.533452,0.0936177,0.0939335,0.00540825,0.00510694,0.0937756
22,6.0,530.0,0.524723,0.0885969,0.0893207,0.00576187,0.00540283,0.0889588
22,6.0,535.0,0.515752,0.0912477,0.0868249,0.00616617,0.00582082,0.0890363
22,6.0,540.0,0.506597,0.0862973,0.0921393,0.00636865,0.00601837,0.0892183
22,6.0,545.0,0.497306,0.0913675,0.0892312,0.00666184,0.00628885,0.09029935
22,6.0,550.0,0.487537,0.0941854,0.089528,0.00712755,0.00671626,0.0918567
22,6.0,555.0,0.477546,0.094533,0.0894523,0.00768557,0.00726595,0.09199265000000001
22,6.0,560.0,0.467272,0.0928065,0.0899352,0.0080439,0.00763583,0.09137085
22,6.0,565.0,0.456575,0.0933062,0.0929735,0.00863893,0.00816215,0.09313985
22,6.0,570.0,0.44552,0.0894091,0.0951453,0.00927069,0.0087728,0.0922772
22,6.0,575.0,0.433788,0.0958808,0.0940287,0.00981979,0.00918262,0.09495475
22,6.0,580.0,0.422157,0.0934273,0.100331,0.010836,0.0100965,0.09687915
22,6.0,585.0,0.409555,0.0930015,0.0925547,0.0117106,0.0110839,0.0927781
22,6.0,590.0,0.396481,0.0999939,0.0934673,0.0127978,0.0118816,0.0967306
22,6.0,595.0,0.382872,0.0951867,0.0963499,0.0138771,0.0129242,0.0957683
22,6.0,600.0,0.36787,0.0992479,0.101352,0.0156321,0.014477,0.10029995
22,6.0,605.0,0.352426,0.100257,0.100014,0.0173897,0.015982,0.1001355
22,6.0,610.0,0.336776,0.0981882,0.103642,0.0188853,0.0174329,0.10091510000000001
22,6.0,615.0,0.319355,0.105444,0.102641,0.0227226,0.0208218,0.1040425
22,6.0,620.0,0.301424,0.0975487,0.103965,0.0252219,0.0230549,0.10075685000000001
22,6.0,625.0,0.281592,0.0994962,0.0982697,0.0289276,0.026649,0.09888295
22,6.0,630.0,0.259053,0.105526,0.107394,0.0380495,0.0339483,0.10646
22,6.0,635.0,0.235856,0.104533,0.105617,0.0493536,0.0439288,0.105075
22,6.0,640.0,0.207648,0.109429,0.0991247,0.0667109,0.0569011,0.10427685
22,6.0,645.0,0.177731,0.11016,0.113388,0.0942035,0.0789802,0.111774
22,6.0,650.0,0.136684,0.107041,0.111654,1.55704,0.125106,0.1093475
22,6.0,655.0,0.0959902,0.101135,0.0988712,0.734108,0.116785,0.10000310000000001
22,6.0,660.0,0.0730584,0.0864716,0.0866343,0.379286,0.0813309,0.08655294999999999
22,6.0,665.0,0.0595534,0.0721328,0.0724969,0.221895,0.0566545,0.07231485
22,6.0,670.0,0.049378,0.0595023,0.0587572,0.131119,0.0378117,0.05912975
22,6.0,675.0,0.0430314,0.0498768,0.0479379,0.0911496,0.0290836,0.04890735
22,6.0,680.0,0.0391238,0.0423462,0.0420379,0.0701472,0.0233475,0.04219205
22,6.0,685.0,0.0357914,0.036052,0.0363471,0.0559373,0.0193648,0.03619955
22,6.0,690.0,0.032921,0.0317639,0.0309746,0.0451791,0.0164156,0.03136925
22,6.0,695.0,0.0306239,0.0267995,0.0277136,0.0381295,0.0139914,0.02725655
22,6.0,700.0,0.028881,0.0248723,0.0245941,0.0323399,0.0123498,0.0247332
22,6.0,705.0,0.0275951,0.0220764,0.0225354,0.029523,0.011198,0.0223059
22,6.0,710.0,0.0261147,0.0201406,0.0202271,0.0256105,0.00999262,0.020183850000000003
22,6.0,715.0,0.0250572,0.018874,0.0183677,0.0230707,0.00912647,0.01862085
22,6.0,720.0,0.0240869,0.0172253,0.0173182,0.0208182,0.00840262,0.01727175
22,6.0,725.0,0.023008,0.0159076,0.0154457,0.0187774,0.00758166,0.01567665
22,6.0,730.0,0.0221284,0.0145278,0.0146604,0.0169357,0.00702512,0.0145941
22,6.0,735.0,0.0215286,0.0137679,0.0137864,0.0156993,0.00649965,0.01377715
22,6.0,740.0,0.0208428,0.0127477,0.0127381,0.0148134,0.00607984,0.012742900000000001
22,6.0,745.0,0.0202574,0.012113,0.0119392,0.0137414,0.00568933,0.012026100000000001
22,6.0,750.0,0.0197508,0.0114312,0.0113441,0.0129518,0.00540943,0.01138765
22,6.0,755.0,0.0192353,0.010834,0.0107138,0.0120776,0.00505971,0.0107739
22,6.0,760.0,0.0187211,0.0101124,0.010194,0.0113744,0.00480292,0.010153200000000001
22,6.0,765.0,0.0183456,0.0097265,0.00976266,0.0107093,0.00455464,0.00974458
22,6.0,770.0,0.0178803,0.00924278,0.00913503,0.010147,0.00432411,0.009188905
22,6.0,775.0,0.017479,0.00872725,0.00874666,0.00960923,0.00410412,0.008736955000000001
22,6.0,780.0,0.0171057,0.00830607,0.00833818,0.00909806,0.00387665,0.008322125
22,6.0,785.0,0.0168247,0.00800565,0.00802028,0.00872668,0.00373455,0.008012965
22,6.0,790.0,0.0165298,0.00769609,0.00774225,0.00833054,0.00360937,0.00771917
22,6.0,795.0,0.0161909,0.0072928,0.00733557,0.00798199,0.00339001,0.007314185
22,6.0,800.0,0.0159407,0.00704234,0.00710384,0.00767873,0.00331036,0.007073090000000001
22,6.0,805.0,0.0156556,0.00681033,0.00678026,0.00731761,0.00316066,0.006795295
22,6.0,810.0,0.0154074,0.00658573,0.00651326,0.0069998,0.00301663,0.006549495
22,6.0,815.0,0.0152239,0.00632448,0.00639892,0.0068083,0.00295601,0.0063617
22,6.0,820.0,0.0149031,0.00608731,0.00607392,0.00646084,0.00283355,0.006080615
22,6.0,825.0,0.0147406,0.00589828,0.00592916,0.00625171,0.00272718,0.00591372
22,6.0,830.0,0.0145017,0.00569169,0.00571735,0.0059905,0.00263007,0.00570452
22,6.0,835.0,0.0143419,0.00552189,0.00553798,0.00584769,0.00254856,0.005529935
22,6.0,840.0,0.0141518,0.0053791,0.00533537,0.00565467,0.00247187,0.005357235
22,6.0,845.0,0.0139992,0.0052025,0.00519963,0.00550688,0.00239017,0.0052010649999999995
22,6.0,850.0,0.0138094,0.00503141,0.00503289,0.00534993,0.00233659,0.00503215
22,6.0,855.0,0.0136224,0.00490964,0.00486511,0.00513858,0.00226177,0.004887374999999999
22,6.0,860.0,0.0134881,0.00474406,0.00474273,0.00503978,0.00219562,0.004743394999999999
22,6.0,865.0,0.0133331,0.00458537,0.00467534,0.00485697,0.00213799,0.004630355
22,6.0,870.0,0.013223,0.00454158,0.00454205,0.00471065,0.0020794,0.004541814999999999
22,6.0,875.0,0.0130491,0.00436066,0.00439215,0.00461016,0.00201957,0.004376405
22,6.0,880.0,0.0129402,0.004276,0.00428483,0.00450783,0.00197692,0.004280415
22,6.0,885.0,0.0128039,0.00418646,0.00418109,0.00435208,0.00192166,0.004183775000000001
22,6.0,890.0,0.0126784,0.00408471,0.00407143,0.00424768,0.00187631,0.00407807
22,6.0,895.0,0.0125596,0.00397605,0.00400087,0.00412868,0.00183248,0.00398846
22,6.0,900.0,0.0124442,0.00386138,0.00388259,0.00407068,0.00178508,0.003871985
22,6.0,905.0,0.0123868,0.00382373,0.00381271,0.00400204,0.00175612,0.0038182199999999998
22,6.0,910.0,0.0121835,0.00369947,0.00366855,0.00383995,0.00169984,0.0036840099999999997
22,6.0,915.0,0.012136,0.00364165,0.00364206,0.00376128,0.00166239,0.0036418550000000003
22,6.0,920.0,0.012033,0.00354881,0.00357265,0.00368333,0.00163079,0.00356073
22,6.0,925.0,0.0119353,0.00348029,0.00348541,0.00361697,0.00160663,0.00348285
22,6.0,930.0,0.0118532,0.00341907,0.00340574,0.00354342,0.00156215,0.0034124050000000003
22,6.0,935.0,0.0117413,0.00331901,0.00332356,0.00348369,0.00153188,0.003321285
22,6.0,940.0,0.0116472,0.00324321,0.00329056,0.00337538,0.00149676,0.0032668849999999998
22,6.0,945.0,0.0115837,0.0032042,0.00323748,0.00331003,0.00147484,0.00322084
22,6.0,950.0,0.0115082,0.00316256,0.00316771,0.00324759,0.00145156,0.003165135
22,6.0,955.0,0.0114242,0.0030964,0.00310878,0.00317989,0.00141931,0.0031025899999999997
22,6.0,960.0,0.0113101,0.00301883,0.00301336,0.00312093,0.00138605,0.003016095
22,6.0,965.0,0.011234,0.0029898,0.00295902,0.00304002,0.00136564,0.0029744100000000002
22,6.0,970.0,0.0111701,0.00291617,0.00291046,0.0030104,0.00133911,0.002913315
22,6.0,975.0,0.0111037,0.00285367,0.00287561,0.00295591,0.00131413,0.00286464
22,6.0,980.0,0.011038,0.00281407,0.00281644,0.00290812,0.00129164,0.002815255
22,6.0,985.0,0.0109614,0.00276579,0.00276273,0.00284702,0.00126525,0.00276426
22,6.0,990.0,0.0109322,0.00273881,0.00274411,0.00281204,0.00125817,0.0027414600000000003
22,6.0,995.0,0.0108411,0.00267269,0.00269047,0.00275062,0.00122866,0.0026815800000000002
22,6.0,1000.0,0.0107781,0.00265108,0.0026235,0.00270424,0.00120735,0.00263729
24,6.5,0.0,1.0,0.0,0.0,0.0,0.0,0.0
24,6.5,5.0,0.997114,0.0603079,0.0588107,1.07023e-05,1.04564e-05,0.059559299999999996
24,6.5,10.0,0.994215,0.0562085,0.0589165,2.1883e-05,2.14548e-05,0.0575625
24,6.5,15.0,0.991304,0.0601398,0.0592673,3.29196e-05,3.19722e-05,0.05970355
24,6.5,20.0,0.988378,0.0564238,0.0589016,4.39275e-05,4.29422e-05,0.0576627
24,6.5,25.0,0.985441,0.0565302,0.0591448,5.6797e-05,5.5193e-05,0.0578375
24,6.5,30.0,0.982485,0.0556887,0.057369,6.65889e-05,6.48625e-05,0.056528850000000005
24,6.5,35.0,0.979521,0.0578017,0.0560167,7.94317e-05,7.80355e-05,0.0569092
24,6.5,40.0,0.976543,0.0572959,0.0567895,9.03336e-05,8.86155e-05,0.0570427
24,6.5,45.0,0.973545,0.0592338,0.0559056,0.000102877,0.000101578,0.0575697
24,6.5,50.0,0.970533,0.061136,0.0580993,0.000113474,0.00011139,0.05961765
24,6.5,55.0,0.96752,0.0574568,0.061461,0.00013064,0.000127273,0.0594589
24,6.5,60.0,0.96447,0.0566873,0.0579341,0.000141473,0.000138261,0.057310700000000006
24,6.5,65.0,0.961411,0.0582607,0.0571603,0.00015617,0.000151716,0.0577105
24,6.5,70.0,0.958354,0.0566445,0.0571401,0.00016708,0.000163211,0.0568923
24,6.5,75.0,0.955264,0.0614621,0.0584486,0.000185002,0.00017968,0.059955350000000004
24,6.5,80.0,0.952155,0.0634757,0.0626615,0.000195282,0.000190003,0.0630686
24,6.5,85.0,0.949033,0.0584567,0.0617108,0.000213401,0.000206546,0.060083750000000005
24,6.5,90.0,0.945886,0.0646708,0.0604974,0.000220468,0.000213662,0.0625841
24,6.5,95.0,0.942769,0.0585929,0.0582206,0.000235126,0.000230579,0.05840675
24,6.5,100.0,0.939594,0.0642077,0.058126,0.000247041,0.000241275,0.06116685
24,6.5,105.0,0.936427,0.0593635,0.0628267,0.000259695,0.000254507,0.0610951
24,6.5,110.0,0.933214,0.0631573,0.0569907,0.000285477,0.000278714,0.060074
24,6.5,115.0,0.929988,0.0580496,0.0604077,0.000299111,0.000291052,0.05922865
24,6.5,120.0,0.926764,0.0609649,0.0599983,0.000313051,0.000304465,0.060481599999999996
24,6.5,125.0,0.923502,0.060781,0.0664639,0.000334732,0.000326843,0.06362245
24,6.5,130.0,0.920224,0.0636332,0.0626001,0.000350663,0.000338153,0.06311665
24,6.5,135.0,0.916951,0.0615228,0.0641884,0.000351094,0.000343446,0.06285560000000001
24,6.5,140.0,0.913611,0.0666715,0.0621848,0.00037924,0.000367898,0.06442814999999999
24,6.5,145.0,0.910292,0.0605329,0.0663808,0.000393485,0.000383759,0.06345685000000001
24,6.5,150.0,0.906947,0.0611983,0.0729593,0.000413206,0.000398085,0.0670788
24,6.5,155.0,0.903574,0.0644686,0.0653574,0.000438137,0.000424023,0.064913
24,6.5,160.0,0.900176,0.060219,0.0624523,0.000440707,0.000430249,0.061335650000000005
24,6.5,165.0,0.896766,0.0622072,0.0590005,0.000473222,0.000462016,0.06060385
24,6.5,170.0,0.893339,0.0617199,0.0615919,0.000482273,0.000471201,0.0616559
24,6.5,175.0,0.889874,0.0655884,0.0678721,0.000501543,0.000484841,0.06673025
24,6.5,180.0,0.886415,0.0617802,0.06792,0.000526906,0.000515542,0.0648501
24,6.5,185.0,0.882918,0.0607328,0.0647024,0.000545163,0.00053071,0.0627176
24,6.5,190.0,0.87938,0.0679268,0.0642794,0.000556328,0.000536759,0.0661031
24,6.5,195.0,0.875827,0.0646189,0.0646584,0.00057933,0.000565329,0.06463865
24,6.5,200.0,0.872268,0.0627718,0.0658901,0.000600594,0.000586657,0.06433095
24,6.5,205.0,0.868681,0.0623242,0.0631775,0.000625422,0.000607017,0.06275085
24,6.5,210.0,0.865051,0.064869,0.0655209,0.000639174,0.000622179,0.06519495
24,6.5,215.0,0.861396,0.0642622,0.0683082,0.000669124,0.00064828,0.0662852
24,6.5,220.0,0.85771,0.0654785,0.0678406,0.000693542,0.000677389,0.06665955
24,6.5,225.0,0.85404,0.0642973,0.0676118,0.000723709,0.000701752,0.06595455
24,6.5,230.0,0.850349,0.0664702,0.0618157,0.00075805,0.000731951,0.06414295
24,6.5,235.0,0.846554,0.0663394,0.0697204,0.00076001,0.000742878,0.0680299
24,6.5,240.0,0.842831,0.0615849,0.0733086,0.000794082,0.000774079,0.06744675
24,6.5,245.0,0.83901,0.0719365,0.064729,0.000805667,0.000786627,0.06833275
24,6.5,250.0,0.835157,0.0698108,0.0686803,0.0008266,0.00080379,0.06924555
24,6.5,255.0,0.831293,0.064112,0.0688003,0.000861368,0.000837932,0.06645614999999999
24,6.5,260.0,0.827375,0.0653129,0.0697299,0.000907474,0.000882708,0.0675214
24,6.5,265.0,0.823432,0.0644882,0.0676754,0.000898693,0.000879014,0.0660818
24,6.5,270.0,0.819485,0.0716072,0.070857,0.000942927,0.000907432,0.07123209999999999
24,6.5,275.0,0.81547,0.0656516,0.0687958,0.000967182,0.000943772,0.0672237
24,6.5,280.0,0.811464,0.0699408,0.0727745,0.00100415,0.000968657,0.07135765
24,6.5,285.0,0.807398,0.0730198,0.0703635,0.00102999,0.00100057,0.07169165
24,6.5,290.0,0.803285,0.0698852,0.0719652,0.00106095,0.00103193,0.0709252
24,6.5,295.0,0.799151,0.0685067,0.0697374,0.00108896,0.00105999,0.06912205
24,6.5,300.0,0.794998,0.0701005,0.0706569,0.00113587,0.00110201,0.07037869999999999
24,6.5,305.0,0.790806,0.0740233,0.0683055,0.00118582,0.00114304,0.0711644
24,6.5,310.0,0.786503,0.0743732,0.0718743,0.0012003,0.00116163,0.07312375
24,6.5,315.0,0.782224,0.070996,0.0741386,0.00123102,0.00120197,0.0725673
24,6.5,320.0,0.777868,0.0677024,0.069506,0.0012602,0.00122898,0.0686042
24,6.5,325.0,0.773506,0.0740366,0.0771641,0.0013439,0.00129008,0.07560035
24,6.5,330.0,0.769136,0.0733506,0.0691329,0.00134171,0.00130544,0.07124174999999999
24,6.5,335.0,0.764703,0.0715705,0.0664349,0.00140367,0.00135934,0.0690027
24,6.5,340.0,0.760105,0.0740928,0.0691645,0.00141927,0.00137312,0.07162865
24,6.5,345.0,0.755522,0.0719112,0.07427,0.00145454,0.00140645,0.0730906
24,6.5,350.0,0.750919,0.0730779,0.0770284,0.00148401,0.00142745,0.07505315
24,6.5,355.0,0.746297,0.0701678,0.0761894,0.00154294,0.0014915,0.07317860000000001
24,6.5,360.0,0.741545,0.0724115,0.074845,0.0016156,0.00156107,0.07362825
24,6.5,365.0,0.736668,0.0784166,0.076353,0.00165919,0.00160912,0.0773848
24,6.5,370.0,0.731894,0.0784238,0.0693424,0.00171068,0.00165326,0.07388310000000001
24,6.5,375.0,0.727111,0.0767734,0.0754366,0.00174228,0.0016776,0.076105
24,6.5,380.0,0.72205,0.0763973,0.0754799,0.00182248,0.00174943,0.0759386
24,6.5,385.0,0.717036,0.0757516,0.0797451,0.00192008,0.00183956,0.07774835
24,6.5,390.0,0.712013,0.0766081,0.0723081,0.00189711,0.00183413,0.0744581
24,6.5,395.0,0.706794,0.0791322,0.0731348,0.00205243,0.00197691,0.07613349999999999
24,6.5,400.0,0.701709,0.0794325,0.0750725,0.00203084,0.00195874,0.0772525
24,6.5,405.0,0.69639,0.0735713,0.0734184,0.0020838,0.00202813,0.07349485
24,6.5,410.0,0.691034,0.0731373,0.0757396,0.00220146,0.00211991,0.07443845
24,6.5,415.0,0.685414,0.0734612,0.0787391,0.00230235,0.00221408,0.07610015
24,6.5,420.0,0.679987,0.0796336,0.0756899,0.002347,0.00227552,0.07766175
24,6.5,425.0,0.674484,0.0766757,0.0786274,0.00242996,0.00233795,0.07765155
24,6.5,430.0,0.668671,0.0779807,0.0768111,0.00247281,0.00240691,0.07739589999999999
24,6.5,435.0,0.662859,0.0753914,0.0809359,0.00253393,0.00245325,0.07816365
24,6.5,440.0,0.657,0.0878248,0.0818073,0.00270595,0.00257711,0.08481605
24,6.5,445.0,0.651055,0.0854031,0.0827843,0.00278486,0.00265204,0.0840937
24,6.5,450.0,0.644943,0.0714995,0.0792967,0.00284252,0.0027485,0.0753981
24,6.5,455.0,0.638783,0.0842289,0.0791603,0.00298724,0.00288005,0.0816946
24,6.5,460.0,0.632546,0.0816005,0.0816359,0.00303216,0.00292277,0.0816182
24,6.5,465.0,0.626026,0.085719,0.0791557,0.00309113,0.00297354,0.08243734999999999
24,6.5,470.0,0.619586,0.0848774,0.0784765,0.00335074,0.00319854,0.08167695
24,6.5,475.0,0.613055,0.0852126,0.0837688,0.00346437,0.00330536,0.0844907
24,6.5,480.0,0.60627,0.0847298,0.0865584,0.00356571,0.00343816,0.0856441
24,6.5,485.0,0.59923,0.0827787,0.0804712,0.00376083,0.00361324,0.08162495
24,6.5,490.0,0.592232,0.0874344,0.084799,0.00389126,0.00373782,0.08611669999999999
24,6.5,495.0,0.584838,0.0834398,0.085889,0.00403944,0.00387369,0.0846644
24,6.5,500.0,0.57749,0.084032,0.0869497,0.00423388,0.00403099,0.08549085000000001
24,6.5,505.0,0.570084,0.0852682,0.0824725,0.00442173,0.00423826,0.08387035000000001
24,6.5,510.0,0.562341,0.0826552,0.0849018,0.00452384,0.0043339,0.0837785
24,6.5,515.0,0.554366,0.0839344,0.0880758,0.00480078,0.00456377,0.0860051
24,6.5,520.0,0.546376,0.0874898,0.0837267,0.00504225,0.0048272,0.08560825
24,6.5,525.0,0.538077,0.0898846,0.087158,0.00526609,0.00504608,0.0885213
24,6.5,530.0,0.529481,0.0900504,0.0937789,0.00559524,0.00533072,0.09191465
24,6.5,535.0,0.520421,0.084891,0.0914265,0.00582405,0.00555524,0.08815875
24,6.5,540.0,0.511733,0.0843293,0.0855318,0.00616402,0.00592819,0.08493055
24,6.5,545.0,0.502299,0.0932966,0.0894808,0.00660161,0.00623413,0.09138869999999999
24,6.5,550.0,0.492776,0.0903286,0.0875296,0.00691596,0.00657174,0.0889291
24,6.5,555.0,0.482887,0.0906002,0.0834936,0.00734393,0.00699511,0.08704690000000001
24,6.5,560.0,0.472772,0.0907526,0.0938446,0.00775824,0.00735246,0.09229860000000001
24,6.5,565.0,0.461927,0.0913664,0.0899525,0.00834374,0.00793539,0.09065945
24,6.5,570.0,0.451129,0.0912204,0.0957356,0.00881512,0.00829338,0.093478
24,6.5,575.0,0.439549,0.09851,0.0931205,0.009549,0.00904544,0.09581524999999999
24,6.5,580.0,0.427862,0.0915306,0.0972682,0.0103254,0.0097946,0.0943994
24,6.5,585.0,0.415299,0.0957814,0.0967033,0.0113498,0.0106907,0.09624235
24,6.5,590.0,0.402497,0.0985056,0.103312,0.0122365,0.0115393,0.10090879999999999
24,6.5,595.0,0.389321,0.0963662,0.0994496,0.0130765,0.0123297,0.09790789999999999
24,6.5,600.0,0.374667,0.0962776,0.0969437,0.0143722,0.0135435,0.09661064999999999
24,6.5,605.0,0.359315,0.104979,0.0944918,0.0169881,0.0158723,0.0997354
24,6.5,610.0,0.343717,0.101113,0.0927273,0.0178341,0.0168556,0.09692015
24,6.5,615.0,0.326544,0.100942,0.100131,0.020374,0.0189865,0.1005365
24,6.5,620.0,0.30875,0.106669,0.0978783,0.0238066,0.0222999,0.10227365
24,6.5,625.0,0.288668,0.10252,0.0999759,0.0283914,0.0262657,0.10124795
24,6.5,630.0,0.267841,0.105711,0.0998967,0.0333424,0.0308143,0.10280385
24,6.5,635.0,0.243459,0.107983,0.100035,0.0433087,0.0394094,0.10400899999999999
24,6.5,640.0,0.216812,0.104408,0.109179,0.057538,0.0513799,0.1067935
24,6.5,645.0,0.187781,0.104755,0.103532,0.0841748,0.072951,0.1041435
24,6.5,650.0,0.148387,0.103468,0.110574,2.25028,0.123968,0.107021
24,6.5,655.0,0.107732,0.103858,0.109335,1.1415,0.142673,0.10659650000000001
24,6.5,660.0,0.0741576,0.0910251,0.0959568,0.486122,0.097978,0.09349094999999999
24,6.5,665.0,0.0572705,0.0774686,0.0754288,0.251028,0.0631398,0.07644870000000001
24,6.5,670.0,0.0476049,0.0623589,0.0608675,0.151852,0.0414142,0.0616132
24,6.5,675.0,0.041034,0.0506897,0.0525709,0.100656,0.0315762,0.0516303
24,6.5,680.0,0.0369178,0.043104,0.0437928,0.0766195,0.0250855,0.0434484
24,6.5,685.0,0.0335442,0.0367257,0.0382398,0.0592218,0.020902,0.037482749999999995
24,6.5,690.0,0.0306743,0.0319988,0.0321971,0.047275,0.0172401,0.03209795
24,6.5,695.0,0.0287116,0.028641,0.0287033,0.0391519,0.0145391,0.02867215
24,6.5,700.0,0.0272039,0.0251595,0.0260872,0.0346367,0.0128299,0.025623350000000003
24,6.5,705.0,0.0255638,0.022689,0.023137,0.0297403,0.0115272,0.022913000000000003
24,6.5,710.0,0.0244108,0.0210416,0.0207733,0.0266786,0.0105114,0.02090745
24,6.5,715.0,0.0231792,0.0187077,0.0190083,0.0235693,0.00936263,0.018858
24,6.5,720.0,0.0222213,0.0174296,0.0174181,0.0209587,0.0084211,0.017423849999999998
24,6.5,725.0,0.0215362,0.0159599,0.0161499,0.0198813,0.0077851,0.016054899999999997
24,6.5,730.0,0.0205561,0.0147769,0.0148588,0.0174967,0.00713348,0.01481785
24,6.5,735.0,0.0199067,0.0137422,0.0138614,0.0163141,0.00666248,0.0138018
24,6.5,740.0,0.0193127,0.0129291,0.0130652,0.0150991,0.006269,0.01299715
24,6.5,745.0,0.0187904,0.0122249,0.0121794,0.0141357,0.0057924,0.01220215
24,6.5,750.0,0.0181647,0.0114397,0.0115359,0.0128314,0.00540493,0.0114878
24,6.5,755.0,0.017778,0.0109807,0.0109051,0.0121899,0.0051473,0.010942899999999998
24,6.5,760.0,0.0173152,0.0103557,0.0103448,0.0114314,0.00487128,0.01035025
24,6.5,765.0,0.0168891,0.00970899,0.00971442,0.0109214,0.00458043,0.009711705000000001
24,6.5,770.0,0.016586,0.00935455,0.0093769,0.010349,0.00439229,0.009365725
24,6.5,775.0,0.016265,0.00895725,0.00898857,0.00983908,0.00419861,0.00897291
24,6.5,780.0,0.015844,0.00839145,0.00850481,0.00932064,0.00397916,0.00844813
24,6.5,785.0,0.0155189,0.00807119,0.00805122,0.00887153,0.00379412,0.008061205
24,6.5,790.0,0.0152608,0.00776577,0.00782861,0.00843447,0.003657,0.00779719
24,6.5,795.0,0.0149749,0.00743263,0.00747736,0.00807623,0.00349366,0.007454995
24,6.5,800.0,0.0146899,0.00716286,0.0071413,0.00767013,0.00333489,0.00715208
24,6.5,805.0,0.0144601,0.00685499,0.00689864,0.0073836,0.00318802,0.006876815
24,6.5,810.0,0.0142224,0.00658389,0.00663514,0.00710127,0.0030635,0.006609515
24,6.5,815.0,0.0139911,0.00633208,0.00637266,0.00683293,0.00294126,0.0063523699999999995
24,6.5,820.0,0.0138106,0.00618768,0.0061905,0.00655328,0.00285794,0.0061890899999999995
24,6.5,825.0,0.0135774,0.00597163,0.00595273,0.00626849,0.00275298,0.00596218
24,6.5,830.0,0.0134537,0.00580617,0.00579855,0.00613913,0.00267444,0.00580236
24,6.5,835.0,0.0132507,0.00556926,0.00559247,0.00595838,0.00259002,0.005580865000000001
24,6.5,840.0,0.0130891,0.00541416,0.00543708,0.00575042,0.00250746,0.005425620000000001
24,6.5,845.0,0.0128888,0.00523269,0.00520692,0.00555312,0.00240774,0.005219805
24,6.5,850.0,0.0127542,0.00511268,0.0050712,0.00538092,0.00233997,0.00509194
24,6.5,855.0,0.0126425,0.00497144,0.00497359,0.00527266,0.00229966,0.004972515
24,6.5,860.0,0.0124219,0.00479917,0.00479312,0.00502407,0.00221749,0.004796145
24,6.5,865.0,0.0122992,0.00466259,0.00468986,0.00488589,0.00215374,0.004676225
24,6.5,870.0,0.0121509,0.00455187,0.00449678,0.00478426,0.00210554,0.004524325
24,6.5,875.0,0.0120432,0.0044094,0.00443659,0.00464318,0.00203465,0.004422995
24,6.5,880.0,0.0119337,0.00433147,0.00432362,0.00451483,0.00198673,0.004327545
24,6.5,885.0,0.0117833,0.00418261,0.00421936,0.00438055,0.00194097,0.004200985
24,6.5,890.0,0.0116724,0.00407684,0.00410632,0.00428414,0.0018886,0.00409158
24,6.5,895.0,0.0115692,0.00399055,0.00399435,0.00419633,0.00184683,0.00399245
24,6.5,900.0,0.0114696,0.00390977,0.00391882,0.00407283,0.00180068,0.003914295
24,6.5,905.0,0.0113959,0.00384391,0.0038307,0.00401155,0.00176975,0.003837305
24,6.5,910.0,0.0112804,0.00373674,0.00375323,0.00390022,0.00172772,0.003744985
24,6.5,915.0,0.0111923,0.00367447,0.0036828,0.00379184,0.00168858,0.003678635
24,6.5,920.0,0.0110961,0.00359109,0.00359932,0.00371389,0.0016562,0.0035952049999999998
24,6.5,925.0,0.0110265,0.00351556,0.00352737,0.00365661,0.00161635,0.003521465
24,6.5,930.0,0.0108944,0.00342826,0.00344593,0.00351937,0.00157428,0.003437095
24,6.5,935.0,0.0108259,0.00336676,0.00336175,0.00347418,0.00154057,0.003364255
24,6.5,940.0,0.010735,0.00327488,0.00329883,0.00340984,0.00151162,0.003286855
24,6.5,945.0,0.0106516,0.0032185,0.00321732,0.00333706,0.00147618,0.00321791
24,6.5,950.0,0.0105909,0.00316552,0.00316542,0.00328412,0.00145597,0.00316547
24,6.5,955.0,0.0105188,0.00310753,0.00312321,0.00320136,0.00142575,0.00311537
24,6.5,960.0,0.0104331,0.00304815,0.00305608,0.00312421,0.00139296,0.003052115
24,6.5,965.0,0.0103678,0.00299667,0.00298425,0.00308863,0.00137208,0.00299046
24,6.5,970.0,0.0102978,0.00294743,0.00291274,0.00303646,0.00134193,0.002930085
24,6.5,975.0,0.0102327,0.0028846,0.00288084,0.00298174,0.00132582,0.00288272
24,6.5,980.0,0.0101551,0.00282991,0.0028208,0.00291698,0.001296,0.002825355
24,6.5,985.0,0.0101154,0.00279492,0.00279663,0.00286828,0.00128141,0.0027957750000000003
24,6.5,990.0,0.0100377,0.00273164,0.00272998,0.00282758,0.00125646,0.00273081
24,6.5,995.0,0.00998254,0.00270737,0.00268934,0.00275476,0.00123066,0.0026983550000000004
24,6.5,1000.0,0.00992639,0.00264644,0.00265856,0.00271585,0.00121178,0.0026525
26,7.0,0.0,1.0,0.0,0.0,0.0,0.0,0.0
26,7.0,5.0,0.997136,0.0533201,0.0562728,1.04265e-05,1.02075e-05,0.05479645
26,7.0,10.0,0.994261,0.0604191,0.0596073,2.19349e-05,2.14289e-05,0.0600132
26,7.0,15.0,0.991371,0.0581236,0.0564121,3.18696e-05,3.13745e-05,0.057267849999999995
26,7.0,20.0,0.988469,0.054164,0.0569922,4.2692e-05,4.19639e-05,0.0555781
26,7.0,25.0,0.985551,0.0583912,0.058564,5.36592e-05,5.24955e-05,0.0584776
26,7.0,30.0,0.982623,0.0540557,0.0550011,6.51131e-05,6.44224e-05,0.0545284
26,7.0,35.0,0.979677,0.0532409,0.0544203,7.83623e-05,7.69107e-05,0.0538306
26,7.0,40.0,0.976723,0.0553406,0.0615802,8.91361e-05,8.7382e-05,0.058460399999999996
26,7.0,45.0,0.973751,0.0599474,0.0593927,0.000100507,9.7588e-05,0.05967005
26,7.0,50.0,0.970766,0.061892,0.0576893,0.00011217,0.000109978,0.05979065
26,7.0,55.0,0.96777,0.0605986,0.0602718,0.000123194,0.00012099,0.0604352
26,7.0,60.0,0.96475,0.0571472,0.0587243,0.000139057,0.000136646,0.05793575
26,7.0,65.0,0.961712,0.0560506,0.0598297,0.00015242,0.00014943,0.057940149999999996
26,7.0,70.0,0.958684,0.0595617,0.0570994,0.000161116,0.000157784,0.05833055
26,7.0,75.0,0.95561,0.0601198,0.063423,0.000181994,0.000177818,0.0617714
26,7.0,80.0,0.95253,0.0581882,0.0574494,0.000186542,0.000183172,0.057818800000000004
26,7.0,85.0,0.949451,0.0611241,0.0584582,0.000200075,0.000195252,0.05979115
26,7.0,90.0,0.946343,0.0578163,0.0613627,0.000219083,0.000212798,0.059589500000000004
26,7.0,95.0,0.943222,0.0614397,0.0563267,0.000234793,0.000230044,0.0588832
26,7.0,100.0,0.940059,0.0626913,0.0594085,0.000242661,0.000237261,0.061049900000000004
26,7.0,105.0,0.936916,0.0616355,0.0595656,0.000256565,0.00025209,0.06060055
26,7.0,110.0,0.933717,0.0616516,0.064684,0.000278878,0.000270155,0.0631678
26,7.0,115.0,0.930533,0.0613462,0.0668647,0.00028803,0.000279504,0.06410545
26,7.0,120.0,0.927349,0.0617857,0.0636639,0.000300637,0.000294509,0.0627248
26,7.0,125.0,0.924117,0.0637948,0.059338,0.000315455,0.000308045,0.0615664
26,7.0,130.0,0.92087,0.0637143,0.0625939,0.000330702,0.000322571,0.06315409999999999
26,7.0,135.0,0.91759,0.0619212,0.0624502,0.000356785,0.000349545,0.0621857
26,7.0,140.0,0.914311,0.0588281,0.0632185,0.000361751,0.000354202,0.0610233
26,7.0,145.0,0.910996,0.0635976,0.0583792,0.000380306,0.000373432,0.0609884
26,7.0,150.0,0.907672,0.0604405,0.0602984,0.000391259,0.000381528,0.060369450000000005
26,7.0,155.0,0.904317,0.0595301,0.0634048,0.000425055,0.000414285,0.06146745
26,7.0,160.0,0.900963,0.0677123,0.0659479,0.000440722,0.000427934,0.0668301
26,7.0,165.0,0.897582,0.0643075,0.0615598,0.000453928,0.000442074,0.06293365000000001
26,7.0,170.0,0.894182,0.0615276,0.0621826,0.000466093,0.000458814,0.061855099999999996
26,7.0,175.0,0.890745,0.060555,0.063837,0.00048776,0.000478386,0.062196
26,7.0,180.0,0.887293,0.0636303,0.0630105,0.000507423,0.00049677,0.0633204
26,7.0,185.0,0.88383,0.0619727,0.0657556,0.00052268,0.00051252,0.06386415
26,7.0,190.0,0.880365,0.0653892,0.0625793,0.000552051,0.000539857,0.06398424999999999
26,7.0,195.0,0.876802,0.0648149,0.0654386,0.000577904,0.000562258,0.06512675
26,7.0,200.0,0.873304,0.0649523,0.0653577,0.000577118,0.000563921,0.065155
26,7.0,205.0,0.869759,0.067205,0.0651286,0.000608432,0.000592754,0.0661668
26,7.0,210.0,0.866096,0.0665159,0.0708859,0.000620738,0.000604255,0.06870090000000001
26,7.0,215.0,0.862492,0.0634767,0.0692758,0.000665081,0.000648794,0.06637625
26,7.0,220.0,0.858837,0.0636727,0.0611814,0.000676652,0.000662641,0.06242705
26,7.0,225.0,0.855229,0.0608952,0.0643726,0.000676752,0.000665275,0.06263389999999999
26,7.0,230.0,0.851516,0.0673887,0.0733389,0.000740338,0.000721879,0.0703638
26,7.0,235.0,0.847804,0.0651927,0.0661206,0.000738194,0.000718472,0.06565665000000001
26,7.0,240.0,0.844035,0.0635431,0.0675587,0.000762641,0.000749135,0.0655509
26,7.0,245.0,0.840275,0.0692516,0.0667009,0.00079214,0.000769845,0.06797624999999999
26,7.0,250.0,0.836461,0.0670344,0.0656963,0.000823607,0.000802199,0.06636534999999999
26,7.0,255.0,0.83265,0.0660051,0.0673376,0.000840646,0.000820322,0.06667134999999999
26,7.0,260.0,0.82876,0.0674009,0.0679753,0.000870839,0.000845834,0.0676881
26,7.0,265.0,0.824852,0.0707567,0.0705512,0.000908274,0.000879984,0.07065395
26,7.0,270.0,0.820976,0.0679404,0.074312,0.000903292,0.000880528,0.0711262
26,7.0,275.0,0.816963,0.0683624,0.069822,0.000950407,0.00092616,0.06909219999999999
26,7.0,280.0,0.812996,0.0691387,0.0698714,0.000969732,0.000941411,0.06950505
26,7.0,285.0,0.808886,0.0671058,0.068081,0.00102851,0.00100369,0.0675934
26,7.0,290.0,0.804915,0.0763302,0.0695084,0.00104133,0.00100862,0.07291929999999999
26,7.0,295.0,0.800744,0.0708791,0.0692717,0.00104777,0.00102336,0.07007540000000001
26,7.0,300.0,0.796662,0.0699488,0.0747537,0.0010926,0.00106397,0.07235125
26,7.0,305.0,0.792493,0.0690512,0.0654354,0.00113856,0.00111519,0.0672433
26,7.0,310.0,0.788208,0.070739,0.0764,0.00119596,0.00116613,0.0735695
26,7.0,315.0,0.78402,0.0706407,0.0682926,0.00119901,0.00117076,0.06946664999999999
26,7.0,320.0,0.779699,0.0719579,0.0773608,0.00126797,0.00123176,0.07465935
26,7.0,325.0,0.775336,0.0711655,0.0712623,0.00127565,0.00123915,0.0712139
26,7.0,330.0,0.77092,0.0779087,0.0721267,0.00134922,0.00130944,0.07501769999999999
26,7.0,335.0,0.766446,0.0751597,0.0768827,0.00135573,0.001308,0.0760212
26,7.0,340.0,0.762013,0.0716861,0.0713966,0.00140994,0.00137673,0.07154135
26,7.0,345.0,0.757505,0.0714688,0.0712888,0.00146249,0.00142082,0.07137879999999999
26,7.0,350.0,0.752973,0.0737298,0.0717099,0.00149611,0.00145188,0.07271985
26,7.0,355.0,0.748277,0.0750746,0.0708111,0.0015492,0.00150923,0.07294285
26,7.0,360.0,0.743608,0.0706466,0.0756693,0.00155773,0.0015089,0.07315795
26,7.0,365.0,0.738887,0.0761575,0.0744727,0.0016479,0.00160303,0.0753151
26,7.0,370.0,0.734093,0.0734221,0.0763102,0.00165835,0.00162586,0.07486614999999999
26,7.0,375.0,0.72925,0.0749077,0.0697538,0.00174283,0.00169583,0.07233075
26,7.0,380.0,0.724291,0.0790506,0.0728011,0.00174763,0.00171049,0.07592584999999999
26,7.0,385.0,0.719374,0.0785639,0.0780745,0.00182911,0.0017654,0.0783192
26,7.0,390.0,0.714297,0.0749144,0.0780375,0.00191447,0.00184355,0.07647595
26,7.0,395.0,0.709279,0.0764093,0.0774619,0.00191962,0.00185835,0.07693559999999999
26,7.0,400.0,0.704055,0.0759027,0.0792046,0.00198617,0.0019127,0.07755365
26,7.0,405.0,0.698837,0.0768152,0.0745915,0.00204932,0.00197742,0.07570335
26,7.0,410.0,0.693533,0.0729232,0.0754576,0.00214951,0.00208093,0.07419039999999999
26,7.0,415.0,0.688063,0.0806472,0.0753875,0.00221777,0.00215698,0.07801735
26,7.0,420.0,0.682597,0.0774365,0.0792856,0.00227974,0.00220099,0.07836105
26,7.0,425.0,0.677072,0.0806035,0.0737014,0.00237393,0.00230653,0.07715245
26,7.0,430.0,0.671483,0.0803401,0.0795886,0.00241084,0.00233294,0.07996434999999999
26,7.0,435.0,0.665765,0.0774484,0.0804235,0.00251855,0.00243581,0.07893595
26,7.0,440.0,0.659871,0.0766367,0.08281,0.00264782,0.00255437,0.07972335
26,7.0,445.0,0.654047,0.0788252,0.0803171,0.00266783,0.00256722,0.07957115000000001
26,7.0,450.0,0.64791,0.0799928,0.0841766,0.00281487,0.00271138,0.08208470000000001
26,7.0,455.0,0.641927,0.0796707,0.0790792,0.00287529,0.00277869,0.07937495
26,7.0,460.0,0.635552,0.0795884,0.0776597,0.00299324,0.0028811,0.07862405
26,7.0,465.0,0.629305,0.0825841,0.0819162,0.00311254,0.00299886,0.08225015
26,7.0,470.0,0.622752,0.0832202,0.0826355,0.00321894,0.00310741,0.08292785
26,7.0,475.0,0.616204,0.0794644,0.0860438,0.00342458,0.00329308,0.0827541
26,7.0,480.0,0.60942,0.0862892,0.0833785,0.00345634,0.00332405,0.08483384999999999
26,7.0,485.0,0.602621,0.0835208,0.0898406,0.00358277,0.00344693,0.0866807
26,7.0,490.0,0.595645,0.081975,0.083823,0.00376627,0.00364202,0.082899
26,7.0,495.0,0.588431,0.0863274,0.0866478,0.00394848,0.00378143,0.0864876
26,7.0,500.0,0.581021,0.0854417,0.0900214,0.00409602,0.00393236,0.08773154999999999
26,7.0,505.0,0.573597,0.0863144,0.0872778,0.00428906,0.00411513,0.0867961
26,7.0,510.0,0.566078,0.0797104,0.0851715,0.0043789,0.00423848,0.08244095
26,7.0,515.0,0.557992,0.0889197,0.0878245,0.00466859,0.00452687,0.08837210000000001
26,7.0,520.0,0.550196,0.0894948,0.0905916,0.00486338,0.00468444,0.09004319999999999
26,7.0,525.0,0.541891,0.0885831,0.0857791,0.00509064,0.00485658,0.0871811
26,7.0,530.0,0.533448,0.0897805,0.0815313,0.0054256,0.0051771,0.08565590000000001
26,7.0,535.0,0.524824,0.0849538,0.0912516,0.00575638,0.00551774,0.0881027
26,7.0,540.0,0.51575,0.0886392,0.090706,0.0059047,0.00565329,0.08967259999999999
26,7.0,545.0,0.506484,0.0862071,0.0862133,0.0063778,0.00612583,0.0862102
26,7.0,550.0,0.496941,0.0928688,0.0902244,0.00684886,0.00656603,0.0915466
26,7.0,555.0,0.487338,0.0942824,0.091823,0.00718143,0.00684465,0.0930527
26,7.0,560.0,0.477203,0.0933311,0.0904328,0.00749922,0.00716364,0.09188194999999999
26,7.0,565.0,0.466469,0.08991,0.0878822,0.00802778,0.00773712,0.0888961
26,7.0,570.0,0.455753,0.0980855,0.0964681,0.00868042,0.00827182,0.0972768
26,7.0,575.0,0.444677,0.0968933,0.0927023,0.00921143,0.00876695,0.0947978
26,7.0,580.0,0.432923,0.0879142,0.0946523,0.00972483,0.00931012,0.09128325
26,7.0,585.0,0.420318,0.0908878,0.104446,0.0108513,0.0103032,0.0976669
26,7.0,590.0,0.407927,0.0953142,0.0933453,0.0114875,0.0109984,0.09432975
26,7.0,595.0,0.394341,0.0907767,0.0974167,0.012612,0.012058,0.0940967
26,7.0,600.0,0.380239,0.100878,0.098145,0.0140486,0.0134394,0.0995115
26,7.0,605.0,0.365179,0.0958813,0.100715,0.0153474,0.0146778,0.09829815
26,7.0,610.0,0.349348,0.100556,0.101271,0.016929,0.0160375,0.1009135
26,7.0,615.0,0.332778,0.0998774,0.0998729,0.0199139,0.0189611,0.09987515
26,7.0,620.0,0.315184,0.102677,0.0970614,0.0226436,0.0213324,0.0998692
26,7.0,625.0,0.29526,0.100203,0.103165,0.0275288,0.025812,0.101684
26,7.0,630.0,0.27485,0.101974,0.0979469,0.0309157,0.0294171,0.09996045
26,7.0,635.0,0.250538,0.103117,0.104634,0.0378555,0.0356342,0.10387550000000001
26,7.0,640.0,0.225304,0.107417,0.103114,0.0486458,0.0445406,0.1052655
26,7.0,645.0,0.195259,0.107012,0.101994,0.0731113,0.0658688,0.104503
26,7.0,650.0,0.159923,0.107947,0.109034,2.40031,0.104063,0.1084905
26,7.0,655.0,0.114863,0.105005,0.110322,1.33802,0.159329,0.1076635
26,7.0,660.0,0.079279,0.0967266,0.0932362,0.692708,0.127289,0.0949814
26,7.0,665.0,0.0554584,0.0789931,0.079569,0.287211,0.0726456,0.07928104999999999
26,7.0,670.0,0.0459898,0.0656513,0.0639603,0.173659,0.0485287,0.0648058
26,7.0,675.0,0.039225,0.0525929,0.0521651,0.114001,0.034548,0.052378999999999995
26,7.0,680.0,0.0347722,0.044649,0.0448774,0.0804781,0.0263481,0.0447632
26,7.0,685.0,0.0314091,0.0379394,0.0378973,0.0611242,0.0205836,0.03791835
26,7.0,690.0,0.0289644,0.0329265,0.0339098,0.0493669,0.0179291,0.033418149999999994
26,7.0,695.0,0.0269966,0.0294825,0.0289986,0.0415991,0.0153141,0.029240549999999997
26,7.0,700.0,0.0254772,0.0256184,0.0266558,0.0360691,0.0134017,0.0261371
26,7.0,705.0,0.024056,0.0235617,0.0237834,0.0309222,0.0119226,0.02367255
26,7.0,710.0,0.0226798,0.0213396,0.021086,0.0265847,0.0104475,0.0212128
26,7.0,715.0,0.0217147,0.0195526,0.0194014,0.0238655,0.00951528,0.019477
26,7.0,720.0,0.0208507,0.0179546,0.0181626,0.0213663,0.00868336,0.0180586
26,7.0,725.0,0.0199553,0.0164481,0.0163154,0.0195239,0.00789326,0.01638175
26,7.0,730.0,0.0192523,0.015308,0.0149105,0.0181177,0.00729623,0.015109250000000001
26,7.0,735.0,0.0185769,0.0141878,0.0142049,0.0163136,0.00675238,0.01419635
26,7.0,740.0,0.0179976,0.0132566,0.0131734,0.0152868,0.00633251,0.013215000000000001
26,7.0,745.0,0.017504,0.012407,0.0124727,0.0142491,0.00588487,0.012439849999999999
26,7.0,750.0,0.0169193,0.011488,0.0116424,0.0131992,0.00547593,0.011565200000000001
26,7.0,755.0,0.0164657,0.0110637,0.0109118,0.0122263,0.00517368,0.01098775
26,7.0,760.0,0.0161187,0.0104516,0.0103297,0.0117894,0.00493929,0.010390650000000001
26,7.0,765.0,0.0157269,0.00985632,0.0100166,0.0109286,0.00466641,0.009936460000000001
26,7.0,770.0,0.0153669,0.00937886,0.00944338,0.010359,0.00439026,0.009411119999999999
26,7.0,775.0,0.0150349,0.0089957,0.00897663,0.00979494,0.00419173,0.008986165
26,7.0,780.0,0.0147234,0.00856027,0.00858554,0.00933087,0.00401098,0.008572904999999999
26,7.0,785.0,0.0144659,0.00817192,0.00823011,0.00897653,0.00382993,0.008201014999999999
26,7.0,790.0,0.0142008,0.00781452,0.0078899,0.0085845,0.00365643,0.00785221
26,7.0,795.0,0.0139613,0.00761671,0.00758981,0.00813939,0.00352764,0.00760326
26,7.0,800.0,0.0136242,0.00723928,0.00717355,0.00767071,0.00332762,0.007206415
26,7.0,805.0,0.0134324,0.0069246,0.00695707,0.00746392,0.00322736,0.006940835
26,7.0,810.0,0.0132152,0.00664941,0.00670981,0.00716592,0.00309616,0.00667961
26,7.0,815.0,0.0130518,0.00648133,0.00644289,0.00696124,0.00298886,0.00646211
26,7.0,820.0,0.0128205,0.00623155,0.00617412,0.00668033,0.00288348,0.006202835
26,7.0,825.0,0.0126514,0.00602347,0.00606712,0.00638851,0.00279607,0.006045295
26,7.0,830.0,0.0124529,0.00585717,0.00577226,0.00615988,0.00268652,0.005814715
26,7.0,835.0,0.0123057,0.00564171,0.00564571,0.00598568,0.00261302,0.00564371
26,7.0,840.0,0.0121514,0.00547836,0.00549593,0.00576536,0.00253104,0.0054871450000000006
26,7.0,845.0,0.0119676,0.0053062,0.00526412,0.00558289,0.00245164,0.00528516
26,7.0,850.0,0.0118247,0.00512233,0.00510516,0.00543248,0.00236325,0.005113744999999999
26,7.0,855.0,0.0116739,0.00497438,0.00497553,0.00523539,0.0023009,0.004974955
26,7.0,860.0,0.0115612,0.00483274,0.00486177,0.00510328,0.00223402,0.004847255
26,7.0,865.0,0.0114397,0.00471577,0.00474423,0.00494775,0.00217818,0.00473
26,7.0,870.0,0.0113288,0.00464126,0.00457784,0.00482335,0.00211776,0.0046095500000000005
26,7.0,875.0,0.0112003,0.00449147,0.00447091,0.00468705,0.0020602,0.0044811899999999995
26,7.0,880.0,0.0110769,0.00439265,0.00435404,0.00453185,0.00200737,0.004373345
26,7.0,885.0,0.0109909,0.00427741,0.00427351,0.0044509,0.00196769,0.00427546
26,7.0,890.0,0.0108251,0.00409836,0.00413164,0.00430839,0.00189565,0.004115
26,7.0,895.0,0.0107343,0.00404258,0.00402307,0.00419225,0.00185061,0.004032825
26,7.0,900.0,0.0106341,0.00392547,0.00395175,0.00408953,0.00180969,0.00393861
26,7.0,905.0,0.0105686,0.00387792,0.0038708,0.0039976,0.00176954,0.0038743600000000003
26,7.0,910.0,0.0104596,0.00375534,0.00377893,0.00391304,0.00172872,0.0037671349999999996
26,7.0,915.0,0.0103764,0.00368656,0.00368453,0.00383056,0.00168937,0.003685545
26,7.0,920.0,0.0102896,0.00359672,0.0036264,0.00373689,0.00165722,0.0036115599999999998
26,7.0,925.0,0.0102083,0.00353745,0.00351264,0.00367812,0.00162108,0.003525045
26,7.0,930.0,0.0101228,0.00345962,0.00344529,0.00357852,0.00157698,0.003452455
26,7.0,935.0,0.0100244,0.00336859,0.00336419,0.0034992,0.00154403,0.00336639
26,7.0,940.0,0.00997194,0.00328727,0.00334865,0.0034379,0.00152224,0.00331796
26,7.0,945.0,0.00986688,0.00321376,0.00323273,0.0033646,0.0014831,0.003223245
26,7.0,950.0,0.00984086,0.00322197,0.00318841,0.00329793,0.00146779,0.00320519
26,7.0,955.0,0.00975362,0.00311358,0.00314081,0.00323811,0.00144,0.003127195
26,7.0,960.0,0.0096837,0.00305447,0.00306122,0.00318277,0.00140212,0.003057845
26,7.0,965.0,0.00962985,0.00301381,0.00301519,0.00312503,0.00138583,0.0030145
26,7.0,970.0,0.00954694,0.00295177,0.0029539,0.00304198,0.00135186,0.002952835
26,7.0,975.0,0.00948219,0.00289893,0.00288995,0.00298662,0.00132087,0.00289444
26,7.0,980.0,0.00943522,0.00284609,0.0028593,0.00294747,0.00130975,0.0028526949999999997
26,7.0,985.0,0.00937001,0.00279225,0.0028091,0.00288944,0.00128547,0.002800675
26,7.0,990.0,0.00930569,0.0027505,0.00274974,0.00282854,0.00125795,0.00275012
26,7.0,995.0,0.00924112,0.00270611,0.00268889,0.00278105,0.001238,0.0026975000000000002
26,7.0,1000.0,0.00918437,0.00265383,0.00265586,0.00272226,0.00121305,0.002654845
28,7.5,0.0,1.0,0.0,0.0,0.0,0.0,0.0
28,7.5,5.0,0.997155,0.0552687,0.0588037,1.07732e-05,1.05987e-05,0.057036199999999995
28,7.5,10.0,0.994298,0.0508418,0.0627317,2.07862e-05,2.04364e-05,0.05678675
28,7.5,15.0,0.991425,0.0554934,0.0557712,3.22347e-05,3.16798e-05,0.055632299999999996
28,7.5,20.0,0.988542,0.0575147,0.0569273,4.32547e-05,4.24364e-05,0.057221
28,7.5,25.0,0.985646,0.0539594,0.0598263,5.28931e-05,5.2072e-05,0.056892849999999995
28,7.5,30.0,0.982736,0.0608179,0.0579251,6.67473e-05,6.53849e-05,0.0593715
28,7.5,35.0,0.979813,0.0556512,0.0630055,7.58568e-05,7.47227e-05,0.05932835
28,7.5,40.0,0.976877,0.0584031,0.0608865,8.7011e-05,8.53738e-05,0.0596448
28,7.5,45.0,0.973923,0.0557542,0.0568633,0.000100878,9.9462e-05,0.05630875
28,7.5,50.0,0.970952,0.0620276,0.0555986,0.000111722,0.000109343,0.0588131
28,7.5,55.0,0.967981,0.0609757,0.0579277,0.000121716,0.000120096,0.059451699999999996
28,7.5,60.0,0.96498,0.0590482,0.0568866,0.000132842,0.000130449,0.0579674
28,7.5,65.0,0.961971,0.0646532,0.0606674,0.000146063,0.000142966,0.0626603
28,7.5,70.0,0.95894,0.0637344,0.0598116,0.000164976,0.000161208,0.061772999999999995
28,7.5,75.0,0.955911,0.0575667,0.0593068,0.000181615,0.000177168,0.058436749999999996
28,7.5,80.0,0.952859,0.0591544,0.0561179,0.000183645,0.000180267,0.05763615
28,7.5,85.0,0.949782,0.060706,0.0648834,0.000201914,0.000197892,0.0627947
28,7.5,90.0,0.946699,0.0578957,0.0561157,0.000211838,0.000207768,0.0570057
28,7.5,95.0,0.943581,0.06632,0.0611384,0.000225785,0.000221252,0.0637292
28,7.5,100.0,0.940482,0.0599989,0.0610268,0.000241861,0.000237204,0.06051285
28,7.5,105.0,0.937326,0.0625569,0.0611155,0.000254634,0.000250765,0.0618362
28,7.5,110.0,0.934167,0.0580779,0.0586666,0.000273121,0.000268229,0.05837225
28,7.5,115.0,0.931021,0.0647845,0.0623581,0.00028765,0.000280976,0.0635713
28,7.5,120.0,0.927815,0.0646521,0.0583915,0.000305041,0.000297392,0.0615218
28,7.5,125.0,0.92461,0.0598938,0.0586199,0.000310156,0.000305697,0.05925685
28,7.5,130.0,0.92137,0.0632607,0.060879,0.000329585,0.000324369,0.06206985
28,7.5,135.0,0.918152,0.0625891,0.060008,0.000344438,0.000338794,0.06129854999999999
28,7.5,140.0,0.914873,0.0608119,0.0623632,0.000366815,0.000359314,0.061587550000000005
28,7.5,145.0,0.911582,0.0667532,0.064937,0.000381601,0.000372163,0.06584509999999999
28,7.5,150.0,0.908293,0.0629643,0.0578893,0.00039319,0.000388289,0.0604268
28,7.5,155.0,0.90499,0.0644884,0.0597294,0.000408373,0.000400955,0.0621089
28,7.5,160.0,0.901637,0.0619768,0.0637609,0.000419373,0.000410627,0.06286885
28,7.5,165.0,0.898279,0.0651123,0.062522,0.000441121,0.000434038,0.06381714999999999
28,7.5,170.0,0.894866,0.061936,0.0665456,0.00046786,0.000458815,0.0642408
28,7.5,175.0,0.891511,0.06293,0.0646599,0.000478657,0.000470393,0.06379495
28,7.5,180.0,0.88805,0.0671177,0.0631946,0.000501715,0.000492403,0.06515615
28,7.5,185.0,0.884646,0.0607547,0.0670338,0.000507296,0.000498099,0.06389425
28,7.5,190.0,0.881142,0.0639012,0.0622747,0.000532761,0.000525318,0.06308795
28,7.5,195.0,0.877668,0.064113,0.063714,0.000563886,0.000553042,0.06391350000000001
28,7.5,200.0,0.874161,0.0595858,0.0600309,0.000574975,0.000565625,0.059808349999999996
28,7.5,205.0,0.870599,0.0696099,0.0646643,0.000606306,0.000593499,0.0671371
28,7.5,210.0,0.867047,0.0658029,0.0654198,0.000619341,0.000607549,0.06561135
28,7.5,215.0,0.863471,0.0667333,0.0653586,0.000644351,0.000630203,0.06604594999999999
28,7.5,220.0,0.859805,0.0669286,0.0652107,0.000661902,0.000651547,0.06606965000000001
28,7.5,225.0,0.856198,0.061136,0.0648004,0.000702694,0.000684195,0.0629682
28,7.5,230.0,0.852541,0.0702501,0.0679087,0.000697883,0.000682164,0.0690794
28,7.5,235.0,0.848801,0.0688755,0.0685482,0.000743623,0.000721943,0.06871185
28,7.5,240.0,0.845118,0.0668666,0.0675099,0.000752904,0.000736056,0.06718825
28,7.5,245.0,0.841345,0.0655254,0.0702632,0.000766309,0.000749321,0.06789429999999999
28,7.5,250.0,0.837563,0.0679714,0.0671606,0.000807828,0.000791154,0.067566
28,7.5,255.0,0.833757,0.0678947,0.0706244,0.000822515,0.000806956,0.06925955
28,7.5,260.0,0.829922,0.0698366,0.0655955,0.000864005,0.000841503,0.06771605
28,7.5,265.0,0.82609,0.0660115,0.0650811,0.000857222,0.00084211,0.0655463
28,7.5,270.0,0.822154,0.0662008,0.0642692,0.000907425,0.000889846,0.065235
28,7.5,275.0,0.818247,0.0680758,0.0733446,0.000939009,0.000913133,0.0707102
28,7.5,280.0,0.814298,0.0659764,0.0706309,0.000944085,0.000925763,0.06830365
28,7.5,285.0,0.810275,0.0733723,0.062388,0.00101046,0.000988861,0.06788015
28,7.5,290.0,0.806263,0.0689678,0.0694029,0.00101691,0.000990977,0.06918535
28,7.5,295.0,0.802221,0.0716238,0.0734621,0.0010463,0.00102489,0.07254295
28,7.5,300.0,0.798033,0.0668376,0.0703292,0.00107993,0.00105724,0.06858339999999999
28,7.5,305.0,0.793876,0.0695125,0.0704088,0.00115153,0.00112127,0.06996065
28,7.5,310.0,0.78973,0.0670645,0.0714202,0.00116059,0.00113433,0.06924235000000001
28,7.5,315.0,0.78549,0.075315,0.066543,0.00117134,0.00113757,0.07092899999999999
28,7.5,320.0,0.781169,0.065792,0.0710457,0.00119652,0.00117738,0.06841885
28,7.5,325.0,0.776884,0.0683975,0.0713674,0.0012323,0.00120808,0.06988245
28,7.5,330.0,0.772574,0.0689479,0.0728952,0.00128954,0.00124716,0.07092155
28,7.5,335.0,0.768144,0.0723027,0.0742144,0.00133135,0.00129283,0.07325855
28,7.5,340.0,0.763738,0.0744874,0.0707708,0.00139443,0.00135153,0.0726291
28,7.5,345.0,0.759224,0.0724119,0.0731854,0.00139136,0.00134811,0.07279864999999999
28,7.5,350.0,0.754698,0.0745738,0.0705339,0.00146642,0.00142316,0.07255385
28,7.5,355.0,0.750096,0.07177,0.0700313,0.00151795,0.00148549,0.07090065000000001
28,7.5,360.0,0.745422,0.0711637,0.0732009,0.00153507,0.00148455,0.0721823
28,7.5,365.0,0.740777,0.0711855,0.0734017,0.00159317,0.00154986,0.0722936
28,7.5,370.0,0.735962,0.0755915,0.0765907,0.00162005,0.00157809,0.0760911
28,7.5,375.0,0.731115,0.0718926,0.0753353,0.00168194,0.00164547,0.07361395
28,7.5,380.0,0.726274,0.0749875,0.073882,0.00173929,0.00168031,0.07443475
28,7.5,385.0,0.721326,0.0806171,0.0740223,0.00180845,0.00174524,0.07731969999999999
28,7.5,390.0,0.716318,0.0736379,0.0788404,0.0018563,0.00180586,0.07623915
28,7.5,395.0,0.711262,0.0738702,0.0748283,0.00195081,0.0018994,0.07434925
28,7.5,400.0,0.706175,0.0782724,0.076089,0.00192794,0.00188493,0.0771807
28,7.5,405.0,0.700898,0.0785974,0.0766325,0.00205155,0.00199347,0.07761495
28,7.5,410.0,0.695727,0.0779696,0.07806,0.00208859,0.00201835,0.0780148
28,7.5,415.0,0.690297,0.0760758,0.0749599,0.00217691,0.00210419,0.07551785
28,7.5,420.0,0.684852,0.0785163,0.0759674,0.00222679,0.00216651,0.07724185
28,7.5,425.0,0.679382,0.0761875,0.080572,0.00231487,0.0022366,0.07837975
28,7.5,430.0,0.673832,0.0782413,0.0763344,0.00236619,0.00227922,0.07728784999999999
28,7.5,435.0,0.668091,0.0795254,0.0816962,0.00243241,0.00236117,0.0806108
28,7.5,440.0,0.662317,0.0803367,0.0810667,0.00250059,0.00243303,0.0807017
28,7.5,445.0,0.65642,0.0802464,0.0818686,0.00265369,0.00256483,0.0810575
28,7.5,450.0,0.650368,0.0840222,0.0781135,0.00268674,0.0026052,0.08106785
28,7.5,455.0,0.644477,0.0790898,0.0796727,0.00276881,0.00268838,0.07938125
28,7.5,460.0,0.638144,0.0835077,0.0832616,0.00294886,0.00283987,0.08338465
28,7.5,465.0,0.631991,0.0814635,0.0842912,0.00300088,0.00290798,0.08287734999999999
28,7.5,470.0,0.6254,0.0843603,0.0817497,0.00314432,0.00303802,0.08305499999999999
28,7.5,475.0,0.619062,0.0848823,0.087041,0.00321292,0.00311473,0.08596165
28,7.5,480.0,0.612203,0.0865513,0.084786,0.00330682,0.00319757,0.08566865
28,7.5,485.0,0.605571,0.081878,0.0855812,0.00348475,0.00336181,0.0837296
28,7.5,490.0,0.598514,0.0805917,0.0843833,0.00362176,0.00352351,0.08248749999999999
28,7.5,495.0,0.591466,0.081944,0.0843425,0.003801,0.00367248,0.08314325
28,7.5,500.0,0.584127,0.0896625,0.0834891,0.00402426,0.0038641,0.08657580000000001
28,7.5,505.0,0.576714,0.0831322,0.0881596,0.00410347,0.00397363,0.0856459
28,7.5,510.0,0.569226,0.0868176,0.0838044,0.00435197,0.00420095,0.085311
28,7.5,515.0,0.561272,0.0848193,0.0846462,0.00457689,0.00442183,0.08473275
28,7.5,520.0,0.553422,0.0835201,0.0848029,0.00466272,0.00450267,0.0841615
28,7.5,525.0,0.545177,0.0838494,0.0864915,0.00502649,0.00483959,0.08517045000000001
28,7.5,530.0,0.536889,0.0919422,0.0899191,0.00531547,0.00510723,0.09093065
28,7.5,535.0,0.528243,0.0930996,0.0889685,0.00548782,0.00529993,0.09103405
28,7.5,540.0,0.519346,0.092738,0.0938824,0.00578875,0.00556261,0.09331020000000001
28,7.5,545.0,0.510309,0.0914122,0.0838307,0.00603872,0.0058133,0.08762144999999999
28,7.5,550.0,0.500791,0.100297,0.0922891,0.00653859,0.00626854,0.09629304999999999
28,7.5,555.0,0.491271,0.0909463,0.0858893,0.00688716,0.00662611,0.08841779999999999
28,7.5,560.0,0.48111,0.0913836,0.0898022,0.00741975,0.00712397,0.0905929
28,7.5,565.0,0.470706,0.086309,0.0902683,0.00790321,0.00759502,0.08828865
28,7.5,570.0,0.459919,0.0986887,0.0974851,0.0082423,0.00791119,0.0980869
28,7.5,575.0,0.448567,0.0959913,0.0928239,0.00891405,0.00865933,0.09440760000000001
28,7.5,580.0,0.436869,0.0962205,0.097021,0.0096499,0.00925288,0.09662075
28,7.5,585.0,0.424743,0.0930369,0.100523,0.0103995,0.00996791,0.09677995
28,7.5,590.0,0.412201,0.0940946,0.0999826,0.0111213,0.0107004,0.0970386
28,7.5,595.0,0.398888,0.0963172,0.0990234,0.0125322,0.0120777,0.0976703
28,7.5,600.0,0.384862,0.100925,0.0999589,0.013865,0.0132007,0.10044195
28,7.5,605.0,0.370204,0.101754,0.0970632,0.015486,0.0147212,0.0994086
28,7.5,610.0,0.354465,0.0962222,0.0953975,0.016834,0.016036,0.09580985
28,7.5,615.0,0.33816,0.101343,0.102879,0.0189453,0.018031,0.10211100000000001
28,7.5,620.0,0.320404,0.100303,0.101914,0.0214214,0.0204181,0.1011085
28,7.5,625.0,0.300989,0.104051,0.105302,0.0254624,0.0242048,0.1046765
28,7.5,630.0,0.279894,0.105664,0.104474,0.0311132,0.0291275,0.105069
28,7.5,635.0,0.256689,0.108961,0.112358,0.0381392,0.0356152,0.1106595
28,7.5,640.0,0.230879,0.106551,0.107447,0.0491568,0.0465508,0.10699900000000001
28,7.5,645.0,0.20252,0.104737,0.0978314,0.0647433,0.0609428,0.10128419999999999
28,7.5,650.0,0.165896,0.11145,0.107254,2.61682,0.111415,0.109352
28,7.5,655.0,0.121008,0.113778,0.113842,1.99932,0.166691,0.11381
28,7.5,660.0,0.0766739,0.103161,0.0987838,0.766346,0.147562,0.1009724
28,7.5,665.0,0.0556628,0.0845528,0.0809023,0.350301,0.0808968,0.08272755
28,7.5,670.0,0.0448141,0.0659199,0.0671263,0.198826,0.0522741,0.0665231
28,7.5,675.0,0.037476,0.0550699,0.0570679,0.118033,0.0359747,0.0560689
28,7.5,680.0,0.0328911,0.0454955,0.0470727,0.0833995,0.0273693,0.0462841
28,7.5,685.0,0.0299237,0.0395521,0.0399647,0.0647162,0.0222032,0.0397584
28,7.5,690.0,0.027325,0.0339095,0.034552,0.0514079,0.0187075,0.034230750000000004
28,7.5,695.0,0.0255248,0.0304094,0.0301545,0.0426531,0.0155922,0.030281950000000002
28,7.5,700.0,0.023857,0.0266996,0.0267784,0.0364465,0.0139378,0.026739
28,7.5,705.0,0.0225766,0.024412,0.0239124,0.0311752,0.0119205,0.0241622
28,7.5,710.0,0.0213779,0.0219432,0.021872,0.0271403,0.0107974,0.0219076
28,7.5,715.0,0.0204226,0.0197061,0.0199256,0.0246146,0.0097203,0.019815850000000003
28,7.5,720.0,0.019429,0.0180836,0.018004,0.0216633,0.00873761,0.0180438
28,7.5,725.0,0.0187502,0.0167165,0.0167588,0.0199085,0.00806132,0.01673765
28,7.5,730.0,0.0180743,0.0154727,0.0155424,0.0183609,0.00753846,0.01550755
28,7.5,735.0,0.017362,0.0142708,0.0142027,0.0166497,0.00678717,0.01423675
28,7.5,740.0,0.0168454,0.0133651,0.0134224,0.0154736,0.00641551,0.01339375
28,7.5,745.0,0.0163607,0.0127496,0.0125206,0.0143499,0.00603092,0.0126351
28,7.5,750.0,0.0158334,0.0117674,0.0118374,0.01325,0.00560563,0.011802400000000001
28,7.5,755.0,0.0155206,0.0112459,0.011164,0.0127317,0.00531366,0.01120495
28,7.5,760.0,0.015075,0.0104683,0.0105271,0.0118993,0.00493994,0.010497699999999999
28,7.5,765.0,0.0146191,0.00997335,0.00988603,0.0108922,0.00463468,0.009929690000000001
28,7.5,770.0,0.014411,0.00952485,0.00956846,0.0105921,0.00447074,0.009546655000000001
28,7.5,775.0,0.0140704,0.00909551,0.00903387,0.00998652,0.00423346,0.00906469
28,7.5,780.0,0.0137642,0.00871204,0.00861278,0.00944128,0.00405936,0.00866241
28,7.5,785.0,0.0135197,0.00824551,0.00836789,0.00903529,0.00388067,0.0083067
28,7.5,790.0,0.013255,0.00794919,0.00794423,0.0086085,0.00370977,0.00794671
28,7.5,795.0,0.0130099,0.00766253,0.00758769,0.00821201,0.00355894,0.00762511
28,7.5,800.0,0.0127446,0.00728364,0.00724433,0.00783708,0.00338405,0.007263985000000001
28,7.5,805.0,0.0125628,0.00701587,0.00705971,0.00752654,0.00327289,0.00703779
28,7.5,810.0,0.0123521,0.00673784,0.00673387,0.00725559,0.00311836,0.006735855000000001
28,7.5,815.0,0.0121739,0.00649024,0.0065868,0.00696272,0.00303953,0.006538520000000001
28,7.5,820.0,0.0119651,0.00627486,0.00623775,0.0067229,0.00291306,0.006256305
28,7.5,825.0,0.0118111,0.00607055,0.00603303,0.00651775,0.00281312,0.00605179
28,7.5,830.0,0.0116087,0.00579639,0.00586325,0.00621595,0.00269617,0.00582982
28,7.5,835.0,0.0114713,0.0056744,0.00564147,0.00604128,0.00262413,0.005657934999999999
28,7.5,840.0,0.0113018,0.00552882,0.00544805,0.00577061,0.00253164,0.005488435
28,7.5,845.0,0.0111752,0.00535971,0.00529718,0.00560636,0.00244657,0.005328445
28,7.5,850.0,0.01105,0.00518428,0.00514885,0.00547697,0.00238024,0.005166565
28,7.5,855.0,0.0109144,0.00505101,0.00505497,0.00525235,0.00233261,0.00505299
28,7.5,860.0,0.0107841,0.00488262,0.00485858,0.00515649,0.00225536,0.0048706
28,7.5,865.0,0.0106556,0.0047271,0.00475314,0.00498863,0.00219694,0.0047401200000000004
28,7.5,870.0,0.0105373,0.00460109,0.00460941,0.00484574,0.00212447,0.00460525
28,7.5,875.0,0.0104109,0.00446686,0.0044943,0.00468692,0.0020673,0.00448058
28,7.5,880.0,0.0103121,0.00437437,0.00436599,0.00457202,0.00201509,0.0043701799999999996
28,7.5,885.0,0.0102189,0.00422367,0.00430268,0.00447127,0.00196628,0.004263174999999999
28,7.5,890.0,0.0100951,0.00414289,0.00412886,0.00433425,0.00190101,0.004135875
28,7.5,895.0,0.0100074,0.00403822,0.00404175,0.00424447,0.00186323,0.004039985
28,7.5,900.0,0.00991614,0.00394989,0.00396703,0.00410884,0.00181167,0.0039584600000000005
28,7.5,905.0,0.0098403,0.00386425,0.0038843,0.00404344,0.00178908,0.003874275
28,7.5,910.0,0.00976108,0.00382323,0.0037708,0.00393584,0.00174127,0.003797015
28,7.5,915.0,0.00968407,0.00372602,0.00372349,0.00383415,0.00170149,0.0037247549999999997
28,7.5,920.0,0.00957887,0.00361901,0.00363464,0.00373174,0.00166145,0.003626825
28,7.5,925.0,0.00951346,0.0035383,0.00355335,0.003684,0.00162809,0.003545825
28,7.5,930.0,0.00943355,0.00347049,0.00347533,0.00359105,0.00159105,0.00347291
28,7.5,935.0,0.00938143,0.0034237,0.00340348,0.0035403,0.00156722,0.00341359
28,7.5,940.0,0.00928577,0.00333036,0.00332753,0.00345371,0.00153578,0.003328945
28,7.5,945.0,0.00922525,0.00327348,0.00327761,0.00336824,0.00149997,0.003275545
28,7.5,950.0,0.00914905,0.00318652,0.0032071,0.00330897,0.00146525,0.00319681
28,7.5,955.0,0.00909856,0.0031363,0.00314559,0.00326745,0.00144509,0.003140945
28,7.5,960.0,0.00902947,0.00308657,0.00306024,0.00320243,0.00140921,0.003073405
28,7.5,965.0,0.00895654,0.00300755,0.00302214,0.00313002,0.00138809,0.003014845
28,7.5,970.0,0.00891129,0.00297769,0.00298677,0.00305351,0.00136415,0.0029822299999999998
28,7.5,975.0,0.00884901,0.0029307,0.00292001,0.00299643,0.00133913,0.002925355
28,7.5,980.0,0.00879799,0.00287066,0.0028636,0.00296134,0.00131137,0.00286713
28,7.5,985.0,0.00873706,0.00282265,0.00280871,0.00290008,0.00128603,0.00281568
28,7.5,990.0,0.00867864,0.00276768,0.00276047,0.0028514,0.00126683,0.002764075
28,7.5,995.0,0.00861863,0.0027106,0.00271445,0.00279872,0.00124439,0.0027125250000000004
28,7.5,1000.0,0.00857674,0.00266037,0.00267547,0.00276525,0.00122388,0.00266792
29,8.0,0.0,1.0,0.0,0.0,-0.0,-0.0,0.0
29,8.0,5.0,0.997164,0.0597163,0.0556178,9.87141e-06,9.7107e-06,0.05766705
29,8.0,10.0,0.994314,0.0583632,0.0560885,2.10073e-05,2.06569e-05,0.057225849999999995
29,8.0,15.0,0.991452,0.0576317,0.056719,3.12795e-05,3.07096e-05,0.05717535
29,8.0,20.0,0.988576,0.0593905,0.0560562,4.13539e-05,4.06098e-05,0.05772335
29,8.0,25.0,0.985689,0.0583408,0.0567687,5.29388e-05,5.2157e-05,0.05755475
29,8.0,30.0,0.982789,0.0558115,0.051824,6.32636e-05,6.25729e-05,0.05381775
29,8.0,35.0,0.979877,0.0564653,0.061188,7.4798e-05,7.33095e-05,0.05882665
29,8.0,40.0,0.976945,0.0575438,0.0605507,8.43645e-05,8.31111e-05,0.059047249999999996
29,8.0,45.0,0.974006,0.0555565,0.0573259,9.75768e-05,9.58349e-05,0.0564412
29,8.0,50.0,0.971046,0.0614248,0.0581711,0.000110973,0.000109393,0.05979795
29,8.0,55.0,0.968076,0.0591426,0.0555964,0.000120436,0.000119144,0.0573695
29,8.0,60.0,0.965087,0.0592056,0.059339,0.000130731,0.000128813,0.0592723
29,8.0,65.0,0.962088,0.0623883,0.0599031,0.000144384,0.000142988,0.0611457
29,8.0,70.0,0.959073,0.0633728,0.0638441,0.000159332,0.000156619,0.06360845000000001
29,8.0,75.0,0.956038,0.0607588,0.0618334,0.000173986,0.000170424,0.0612961
29,8.0,80.0,0.952992,0.0631872,0.0566431,0.000183242,0.000179064,0.05991515
29,8.0,85.0,0.949936,0.0616962,0.0630167,0.000199238,0.000194659,0.062356449999999994
29,8.0,90.0,0.946843,0.0629861,0.0615376,0.000210992,0.000207298,0.06226185
29,8.0,95.0,0.94375,0.063225,0.0615939,0.00023522,0.000230038,0.062409450000000005
29,8.0,100.0,0.940664,0.0579006,0.0598264,0.000235582,0.000231278,0.0588635
29,8.0,105.0,0.937526,0.0626186,0.0601853,0.000253377,0.000246643,0.06140195
29,8.0,110.0,0.934366,0.0589129,0.0605483,0.000267583,0.000263028,0.059730599999999995
29,8.0,115.0,0.931212,0.063013,0.0622265,0.00028736,0.000281434,0.06261975
29,8.0,120.0,0.928037,0.0589779,0.060001,0.00029743,0.000293631,0.05948945
29,8.0,125.0,0.924835,0.0609002,0.0626182,0.000312883,0.0003082,0.0617592
29,8.0,130.0,0.921613,0.0632308,0.064609,0.000334576,0.000327988,0.0639199
29,8.0,135.0,0.918397,0.0582362,0.0599675,0.000343686,0.00033766,0.05910185
29,8.0,140.0,0.915145,0.0610217,0.0620908,0.000356546,0.000350066,0.06155625
29,8.0,145.0,0.911877,0.0599415,0.0605338,0.000384092,0.000375446,0.060237650000000004
29,8.0,150.0,0.908567,0.0578461,0.0634653,0.000391652,0.000382617,0.0606557
29,8.0,155.0,0.905273,0.06082,0.0634476,0.000399931,0.000391526,0.0621338
29,8.0,160.0,0.901938,0.0651118,0.0620137,0.000423634,0.00041664,0.06356275
29,8.0,165.0,0.898584,0.0628172,0.0665463,0.000433563,0.000424986,0.06468175000000001
29,8.0,170.0,0.895224,0.0637321,0.061521,0.00045831,0.000449834,0.06262655
29,8.0,175.0,0.891818,0.0657595,0.0632087,0.000475096,0.000464199,0.0644841
29,8.0,180.0,0.888416,0.061691,0.0650688,0.000497072,0.000486655,0.0633799
29,8.0,185.0,0.88499,0.0616045,0.0610715,0.000511107,0.000507493,0.061338000000000004
29,8.0,190.0,0.8815,0.0686722,0.0648394,0.000542682,0.000534858,0.0667558
29,8.0,195.0,0.878056,0.0636623,0.0627629,0.000554119,0.000543548,0.06321260000000001
29,8.0,200.0,0.874547,0.0630634,0.0646599,0.000554197,0.000540946,0.06386165
29,8.0,205.0,0.871003,0.0705373,0.0648738,0.000582744,0.000567758,0.06770555
29,8.0,210.0,0.867438,0.0650223,0.0641932,0.000613216,0.000601714,0.06460775
29,8.0,215.0,0.863882,0.0640545,0.0696396,0.000640862,0.000625886,0.06684704999999999
29,8.0,220.0,0.860296,0.0635494,0.0672092,0.000668484,0.000651797,0.0653793
29,8.0,225.0,0.856647,0.0643236,0.068769,0.00067606,0.000665,0.0665463
29,8.0,230.0,0.852939,0.0647006,0.0672197,0.000700266,0.000686047,0.06596015
29,8.0,235.0,0.849313,0.071392,0.0670229,0.000718289,0.000705008,0.06920745
29,8.0,240.0,0.84562,0.0641707,0.068177,0.000715454,0.000701625,0.06617385
29,8.0,245.0,0.84189,0.0685164,0.0675213,0.000775195,0.000752416,0.06801885
29,8.0,250.0,0.83813,0.0649067,0.0681835,0.000804937,0.000789848,0.0665451
29,8.0,255.0,0.834306,0.0730321,0.0665806,0.000822895,0.0008035,0.06980635
29,8.0,260.0,0.830515,0.0703638,0.0681013,0.000857189,0.000836248,0.06923255
29,8.0,265.0,0.826606,0.0690148,0.0692556,0.000873497,0.000855651,0.06913520000000001
29,8.0,270.0,0.822724,0.0672257,0.071307,0.000908384,0.000888425,0.06926635
29,8.0,275.0,0.818821,0.070101,0.0685486,0.000914166,0.000889364,0.06932479999999999
29,8.0,280.0,0.814862,0.0640227,0.0705417,0.000958426,0.000938108,0.0672822
29,8.0,285.0,0.810871,0.0709452,0.0693986,0.0009587,0.000942234,0.07017190000000001
29,8.0,290.0,0.806809,0.0704565,0.0719481,0.00103332,0.00101413,0.0712023
29,8.0,295.0,0.802763,0.0669649,0.0745417,0.00101433,0.000991459,0.07075329999999999
29,8.0,300.0,0.798744,0.0686543,0.074095,0.00108327,0.00104889,0.07137465
29,8.0,305.0,0.794561,0.0686503,0.0709945,0.00109361,0.00107097,0.0698224
29,8.0,310.0,0.790379,0.0706076,0.0672051,0.00114636,0.00111535,0.06890635
29,8.0,315.0,0.786136,0.0739054,0.0730354,0.00117029,0.00114215,0.07347039999999999
29,8.0,320.0,0.781891,0.0744111,0.0704042,0.00119858,0.00117471,0.07240764999999999
29,8.0,325.0,0.7776,0.0675707,0.068251,0.00125554,0.00122821,0.06791085
29,8.0,330.0,0.773288,0.0688715,0.0722197,0.00126903,0.00124507,0.0705456
29,8.0,335.0,0.768909,0.0679731,0.0756177,0.00132041,0.00129199,0.0717954
29,8.0,340.0,0.764485,0.0671323,0.0725242,0.00134165,0.00131488,0.06982825000000001
29,8.0,345.0,0.759975,0.073057,0.0715778,0.00141354,0.00137557,0.0723174
29,8.0,350.0,0.755464,0.0704611,0.075506,0.00144698,0.00141412,0.07298355000000001
29,8.0,355.0,0.75087,0.0796927,0.0704204,0.00148836,0.00144949,0.07505655
29,8.0,360.0,0.746233,0.0719034,0.0791568,0.00154634,0.00150977,0.0755301
29,8.0,365.0,0.741513,0.0732562,0.0762937,0.0016025,0.00156474,0.07477495
29,8.0,370.0,0.736813,0.0741132,0.0738919,0.00160867,0.00156861,0.07400255
29,8.0,375.0,0.731984,0.0742931,0.0766735,0.00169125,0.00163162,0.0754833
29,8.0,380.0,0.727123,0.0768345,0.077206,0.00172096,0.00167247,0.07702025
29,8.0,385.0,0.72221,0.0778076,0.0757809,0.00171794,0.00166796,0.07679425000000001
29,8.0,390.0,0.717258,0.0769932,0.0759607,0.0018066,0.00175279,0.07647695
29,8.0,395.0,0.712148,0.0709858,0.0794126,0.00190849,0.00185926,0.0751992
29,8.0,400.0,0.707126,0.0792903,0.0726349,0.00196285,0.00191586,0.07596259999999999
29,8.0,405.0,0.701845,0.0790241,0.0787148,0.00203479,0.00197807,0.07886945000000001
29,8.0,410.0,0.696679,0.079029,0.0821662,0.00208047,0.0020083,0.08059759999999999
29,8.0,415.0,0.691358,0.0797257,0.0825036,0.00208965,0.00203886,0.08111465
29,8.0,420.0,0.685913,0.0815456,0.0727382,0.0021699,0.00211679,0.0771419
29,8.0,425.0,0.680383,0.084022,0.0806044,0.00232294,0.00225388,0.0823132
29,8.0,430.0,0.674813,0.0740282,0.0773897,0.00239284,0.0023312,0.07570895
29,8.0,435.0,0.66917,0.0809479,0.079424,0.00236581,0.00229728,0.08018595
29,8.0,440.0,0.663399,0.0837665,0.0826061,0.00251195,0.00244139,0.08318629999999999
29,8.0,445.0,0.657561,0.0803031,0.0790937,0.00261085,0.00252918,0.0796984
29,8.0,450.0,0.651702,0.0829564,0.0770832,0.00272977,0.00264058,0.0800198
29,8.0,455.0,0.645497,0.0803186,0.0850958,0.00280865,0.00273295,0.08270720000000001
29,8.0,460.0,0.639457,0.079261,0.0841877,0.00288259,0.00280799,0.08172435
29,8.0,465.0,0.633109,0.0839887,0.0811301,0.00294335,0.00287543,0.0825594
29,8.0,470.0,0.626757,0.0817415,0.0857606,0.00316126,0.00305177,0.08375105
29,8.0,475.0,0.620142,0.0841818,0.0902079,0.003184,0.00310066,0.08719484999999999
29,8.0,480.0,0.613475,0.0826484,0.0859496,0.00335761,0.0032646,0.084299
29,8.0,485.0,0.606799,0.0820449,0.0860033,0.00348048,0.0033928,0.0840241
29,8.0,490.0,0.599852,0.0820612,0.0897057,0.00366227,0.00354153,0.08588345
29,8.0,495.0,0.592684,0.0855551,0.0842616,0.00378061,0.00368359,0.08490835
29,8.0,500.0,0.585476,0.0834102,0.0846186,0.00388443,0.00376166,0.0840144
29,8.0,505.0,0.578189,0.0814388,0.0891676,0.00410055,0.00397388,0.0853032
29,8.0,510.0,0.570562,0.089006,0.08827,0.00422465,0.00409985,0.088638
29,8.0,515.0,0.562779,0.0851057,0.0842414,0.004435,0.00429115,0.08467355
29,8.0,520.0,0.554936,0.0876992,0.0848966,0.00469868,0.00456057,0.08629790000000001
29,8.0,525.0,0.546855,0.0864224,0.090027,0.00486389,0.00472063,0.08822469999999999
29,8.0,530.0,0.538434,0.0886324,0.0933681,0.00517678,0.00500328,0.09100025
29,8.0,535.0,0.529833,0.0861237,0.088874,0.00548448,0.00529961,0.08749884999999999
29,8.0,540.0,0.520971,0.0822598,0.087953,0.00572547,0.00554048,0.0851064
29,8.0,545.0,0.511839,0.0868437,0.0903007,0.00600645,0.00578718,0.08857219999999999
29,8.0,550.0,0.502485,0.0941439,0.09155,0.00632284,0.00614885,0.09284695000000001
29,8.0,555.0,0.492629,0.0879642,0.093883,0.00685752,0.00661759,0.0909236
29,8.0,560.0,0.482663,0.0971634,0.0949915,0.00725145,0.00693702,0.09607745000000001
29,8.0,565.0,0.472517,0.0927011,0.095484,0.00763593,0.00737468,0.09409255
29,8.0,570.0,0.461867,0.089479,0.0939688,0.00805162,0.00777563,0.0917239
29,8.0,575.0,0.450636,0.0982748,0.0962936,0.00882608,0.00852236,0.09728419999999999
29,8.0,580.0,0.438935,0.0940455,0.0902647,0.00940392,0.00907721,0.0921551
29,8.0,585.0,0.427013,0.0955407,0.0933054,0.0103009,0.00988457,0.09442305000000001
29,8.0,590.0,0.414312,0.0951483,0.0924027,0.01131,0.0109467,0.09377550000000001
29,8.0,595.0,0.401285,0.100854,0.0967361,0.0121794,0.0117477,0.09879505
29,8.0,600.0,0.386898,0.0980346,0.0960349,0.0134305,0.012923,0.09703475
29,8.0,605.0,0.372433,0.100123,0.102041,0.0149489,0.0142416,0.101082
29,8.0,610.0,0.356859,0.103757,0.0957675,0.0170814,0.0163846,0.09976225
29,8.0,615.0,0.340375,0.102162,0.103712,0.0189229,0.0180342,0.102937
29,8.0,620.0,0.322517,0.0963875,0.104142,0.0215107,0.020697,0.10026475
29,8.0,625.0,0.303637,0.104921,0.0995597,0.0254023,0.0240504,0.10224035000000001
29,8.0,630.0,0.283216,0.109067,0.100009,0.0298944,0.0285461,0.10453799999999999
29,8.0,635.0,0.259763,0.106302,0.103069,0.0387267,0.0362944,0.10468549999999999
29,8.0,640.0,0.234915,0.106764,0.103575,0.045098,0.0427564,0.1051695
29,8.0,645.0,0.205444,0.103937,0.108387,0.0628704,0.0581969,0.106162
29,8.0,650.0,0.169197,0.109814,0.114082,0.127714,0.107937,0.11194799999999999
29,8.0,655.0,0.125791,0.112055,0.110645,2.06658,0.172912,0.11135
29,8.0,660.0,0.0797547,0.101051,0.104007,0.909186,0.154739,0.10252900000000001
29,8.0,665.0,0.0547802,0.0842527,0.0834668,0.369185,0.0864864,0.08385975
29,8.0,670.0,0.0425485,0.0659224,0.0704486,0.1862,0.0520311,0.06818550000000001
29,8.0,675.0,0.0365876,0.0575338,0.0558838,0.122307,0.0371446,0.056708800000000004
29,8.0,680.0,0.032429,0.0468116,0.0469762,0.0893403,0.0283173,0.0468939
29,8.0,685.0,0.029023,0.0394519,0.0389568,0.0670745,0.0223296,0.03920435
29,8.0,690.0,0.0266932,0.0343588,0.034375,0.0535603,0.0188628,0.034366900000000006
29,8.0,695.0,0.0246638,0.0303039,0.0296888,0.0434513,0.0157992,0.02999635
29,8.0,700.0,0.0228919,0.025993,0.0264658,0.0362826,0.0137594,0.0262294
29,8.0,705.0,0.0218516,0.0239128,0.0243226,0.031787,0.0121974,0.0241177
29,8.0,710.0,0.020878,0.0216498,0.0219773,0.028827,0.0109838,0.02181355
29,8.0,715.0,0.0198531,0.0202429,0.0197703,0.025128,0.00993651,0.0200066
29,8.0,720.0,0.0188101,0.0178881,0.0182124,0.0218987,0.00878281,0.01805025
29,8.0,725.0,0.0181585,0.0168556,0.0169423,0.0198905,0.0081403,0.01689895
29,8.0,730.0,0.0174583,0.0152199,0.015574,0.0184959,0.00747587,0.01539695
29,8.0,735.0,0.0169666,0.0145555,0.0147148,0.0168991,0.00694153,0.01463515
29,8.0,740.0,0.0163664,0.0134519,0.0135504,0.0156959,0.00644572,0.01350115
29,8.0,745.0,0.0159173,0.012693,0.0127586,0.0146665,0.0060566,0.012725799999999999
29,8.0,750.0,0.0153697,0.0118825,0.0117535,0.0135385,0.00562933,0.011818
29,8.0,755.0,0.015087,0.0113432,0.0112616,0.0129827,0.00539243,0.0113024
29,8.0,760.0,0.0145427,0.0105878,0.0105353,0.0117339,0.00498867,0.01056155
29,8.0,765.0,0.0141844,0.0100605,0.00987083,0.0111373,0.0047277,0.009965665
29,8.0,770.0,0.013958,0.00965475,0.00960889,0.0106339,0.00455419,0.00963182
29,8.0,775.0,0.0136188,0.0091001,0.00898366,0.010132,0.00424662,0.009041879999999999
29,8.0,780.0,0.0133777,0.00863885,0.00874665,0.00966723,0.00407528,0.008692749999999999
29,8.0,785.0,0.0130419,0.00825759,0.00826392,0.00903345,0.00385366,0.008260755
29,8.0,790.0,0.0128219,0.00794564,0.00798707,0.0086115,0.00370112,0.007966355000000001
29,8.0,795.0,0.0125566,0.00767013,0.00757043,0.00817902,0.00355512,0.00762028
29,8.0,800.0,0.0123797,0.00729106,0.0073243,0.00799452,0.00342135,0.00730768
29,8.0,805.0,0.012127,0.00696484,0.00699182,0.00758368,0.00324201,0.00697833
29,8.0,810.0,0.011997,0.00680433,0.00681187,0.00735805,0.00317804,0.0068081
29,8.0,815.0,0.0117678,0.00649199,0.00652484,0.00703795,0.00303669,0.006508415
29,8.0,820.0,0.0115531,0.00622541,0.0063104,0.00668578,0.00291823,0.006267905
29,8.0,825.0,0.0114298,0.0060454,0.00608622,0.00653926,0.00281075,0.00606581
29,8.0,830.0,0.0112609,0.00585697,0.00591277,0.00625806,0.00272526,0.00588487
29,8.0,835.0,0.0110923,0.00566449,0.00572202,0.00599612,0.00262382,0.005693255
29,8.0,840.0,0.0109212,0.00546232,0.00547921,0.00580699,0.00252683,0.005470765
29,8.0,845.0,0.0108018,0.0053451,0.00533958,0.00561283,0.00246703,0.00534234
29,8.0,850.0,0.0106824,0.00512982,0.00519799,0.00551032,0.0023925,0.005163905
29,8.0,855.0,0.0105622,0.00501491,0.00503462,0.00533431,0.00231532,0.0050247650000000005
29,8.0,860.0,0.010423,0.00486142,0.00489998,0.00514927,0.00225798,0.0048807
29,8.0,865.0,0.010303,0.00476248,0.00473747,0.00497005,0.00217852,0.004749975
29,8.0,870.0,0.0102196,0.00463488,0.0046227,0.0049004,0.00213458,0.004628790000000001
29,8.0,875.0,0.01011,0.00451891,0.00453291,0.00472069,0.00207218,0.00452591
29,8.0,880.0,0.010004,0.00440188,0.00437677,0.00463225,0.0020197,0.004389325
29,8.0,885.0,0.00989457,0.00428362,0.00428562,0.00448849,0.00197755,0.00428462
29,8.0,890.0,0.00977572,0.00416888,0.00417873,0.00431947,0.00191243,0.004173805
29,8.0,895.0,0.00967934,0.00404857,0.00407027,0.00422906,0.00186286,0.004059419999999999
29,8.0,900.0,0.00959774,0.00396023,0.00398698,0.00412839,0.00182416,0.003973605
29,8.0,905.0,0.00952909,0.0038754,0.00389046,0.00406798,0.00178444,0.00388293
29,8.0,910.0,0.00940797,0.00377818,0.00376949,0.00393614,0.00174174,0.0037738349999999997
29,8.0,915.0,0.00934408,0.00368372,0.00371914,0.00386108,0.0017064,0.0037014300000000003
29,8.0,920.0,0.009268,0.00362442,0.00363669,0.00375947,0.00166908,0.003630555
29,8.0,925.0,0.00920542,0.00357871,0.00354585,0.00369166,0.00164036,0.00356228
29,8.0,930.0,0.00913997,0.00349065,0.00349387,0.00361888,0.00160621,0.00349226
29,8.0,935.0,0.00904272,0.00338179,0.00341084,0.00352709,0.00156018,0.003396315
29,8.0,940.0,0.00898093,0.00333704,0.00333506,0.00344973,0.00152737,0.00333605
29,8.0,945.0,0.00890504,0.0032669,0.00326622,0.0033688,0.00149678,0.00326656
29,8.0,950.0,0.00884636,0.00318727,0.00321356,0.00332126,0.00147109,0.003200415
29,8.0,955.0,0.00879323,0.00312456,0.00315715,0.00327155,0.00144365,0.003140855
29,8.0,960.0,0.00873663,0.00308984,0.0030971,0.00319665,0.00141976,0.00309347
29,8.0,965.0,0.00866372,0.00302919,0.00303938,0.00310992,0.0013877,0.0030342850000000003
29,8.0,970.0,0.00862447,0.00298007,0.00299033,0.00307593,0.00136573,0.0029852
29,8.0,975.0,0.00855488,0.00292295,0.00292725,0.00301251,0.00134429,0.0029251
29,8.0,980.0,0.00849769,0.00288152,0.00287041,0.00293753,0.00130905,0.002875965
29,8.0,985.0,0.00845202,0.00283225,0.00280581,0.00292131,0.00129522,0.00281903
29,8.0,990.0,0.00837771,0.00277044,0.00273501,0.00286205,0.00126661,0.002752725
29,8.0,995.0,0.00833594,0.00272715,0.00273083,0.00278407,0.00124707,0.0027289899999999997
29,8.0,1000.0,0.00828868,0.00267737,0.00266882,0.0027581,0.00122312,0.0026730950000000003
31,8.5,0.0,1.0,0.0,0.0,-0.0,-0.0,0.0
31,8.5,5.0,0.997179,0.0545103,0.0545882,1.00904e-05,9.99552e-06,0.05454925
31,8.5,10.0,0.994344,0.0545567,0.0614641,2.06631e-05,2.0224e-05,0.058010400000000004
31,8.5,15.0,0.991497,0.0555576,0.0612985,3.04461e-05,2.99283e-05,0.058428049999999995
31,8.5,20.0,0.988637,0.0593257,0.0535575,4.1537e-05,4.08612e-05,0.0564416
31,8.5,25.0,0.985769,0.0537824,0.0533752,5.28319e-05,5.22802e-05,0.053578799999999996
31,8.5,30.0,0.982882,0.0565065,0.0532996,6.20582e-05,6.09871e-05,0.05490305
31,8.5,35.0,0.979976,0.0586132,0.0611161,7.48328e-05,7.3252e-05,0.05986465
31,8.5,40.0,0.977069,0.0598304,0.0585031,8.58775e-05,8.49199e-05,0.059166750000000004
31,8.5,45.0,0.974135,0.0590351,0.0653327,9.75631e-05,9.6297e-05,0.0621839
31,8.5,50.0,0.971199,0.0597083,0.0579854,0.000108303,0.000106538,0.05884685
31,8.5,55.0,0.968245,0.0573104,0.0565879,0.000118593,0.000117139,0.05694915
31,8.5,60.0,0.965278,0.0624805,0.0590433,0.000131485,0.00012913,0.0607619
31,8.5,65.0,0.962289,0.0572999,0.0594461,0.000146811,0.000144768,0.058373
31,8.5,70.0,0.959288,0.0580428,0.0579111,0.000157112,0.000154985,0.05797695
31,8.5,75.0,0.956281,0.0589551,0.0574525,0.000165797,0.000163302,0.0582038
31,8.5,80.0,0.953255,0.0583712,0.0572073,0.000183308,0.000180874,0.05778925
31,8.5,85.0,0.950202,0.0582531,0.0575897,0.00019088,0.000187784,0.0579214
31,8.5,90.0,0.947133,0.0590036,0.0627618,0.000211314,0.000207799,0.060882700000000005
31,8.5,95.0,0.944064,0.0615894,0.0599961,0.000222232,0.000218809,0.06079275
31,8.5,100.0,0.940977,0.0614517,0.0617256,0.000231943,0.000229236,0.061588649999999995
31,8.5,105.0,0.937856,0.0609616,0.060647,0.000250839,0.000245414,0.0608043
31,8.5,110.0,0.934727,0.0629334,0.0616499,0.000263852,0.000259653,0.062291650000000004
31,8.5,115.0,0.931592,0.0590516,0.0614259,0.000271008,0.000267157,0.06023875
31,8.5,120.0,0.928431,0.0605833,0.0606389,0.000290251,0.000284935,0.0606111
31,8.5,125.0,0.925262,0.0619125,0.0669566,0.000304443,0.000298195,0.06443455000000001
31,8.5,130.0,0.922063,0.0614363,0.0617747,0.000318217,0.000313736,0.0616055
31,8.5,135.0,0.918851,0.0615503,0.0606584,0.000335644,0.00033053,0.06110435
31,8.5,140.0,0.915602,0.0620827,0.0652173,0.000362728,0.000356821,0.06365
31,8.5,145.0,0.912351,0.061533,0.0645761,0.000364966,0.000356969,0.06305455
31,8.5,150.0,0.909069,0.0629588,0.0628096,0.000385463,0.000377459,0.0628842
31,8.5,155.0,0.905808,0.059629,0.0561528,0.000397132,0.000390946,0.0578909
31,8.5,160.0,0.902478,0.0615728,0.0649243,0.000413204,0.000404325,0.06324855
31,8.5,165.0,0.899159,0.0638785,0.063552,0.000445652,0.000437278,0.06371525
31,8.5,170.0,0.895809,0.0671868,0.0645136,0.000446934,0.000438377,0.0658502
31,8.5,175.0,0.892428,0.0641745,0.0661094,0.000461586,0.000452675,0.06514195
31,8.5,180.0,0.889023,0.0626344,0.0652143,0.00049349,0.000480201,0.06392435
31,8.5,185.0,0.885615,0.0641327,0.0668544,0.00050342,0.000498199,0.06549355
31,8.5,190.0,0.882181,0.063995,0.0661288,0.000510087,0.000501309,0.0650619
31,8.5,195.0,0.878723,0.0627298,0.0651582,0.000537277,0.000527036,0.063944
31,8.5,200.0,0.875227,0.0602617,0.0649412,0.000558048,0.000554721,0.06260145
31,8.5,205.0,0.871726,0.0656832,0.0626151,0.000586316,0.000574799,0.06414915
31,8.5,210.0,0.868193,0.0650437,0.0687853,0.000597099,0.000587327,0.06691449999999999
31,8.5,215.0,0.864661,0.067646,0.0655099,0.000609612,0.000600799,0.06657795
31,8.5,220.0,0.861049,0.0696584,0.0699516,0.000642741,0.0006313,0.069805
31,8.5,225.0,0.857431,0.0670657,0.0657759,0.000654528,0.00064402,0.0664208
31,8.5,230.0,0.853824,0.0688463,0.0708632,0.000681294,0.00066771,0.06985475
31,8.5,235.0,0.850161,0.0665196,0.0678726,0.00070925,0.00069355,0.06719610000000001
31,8.5,240.0,0.846453,0.064967,0.067742,0.000734636,0.000723075,0.0663545
31,8.5,245.0,0.84275,0.0686415,0.06761,0.000744654,0.000730333,0.06812575
31,8.5,250.0,0.839043,0.073294,0.068412,0.000800443,0.000782757,0.070853
31,8.5,255.0,0.83522,0.0687004,0.0709251,0.000808068,0.000792791,0.06981275
31,8.5,260.0,0.831439,0.0688747,0.065303,0.000828806,0.000814458,0.06708885
31,8.5,265.0,0.827605,0.0682296,0.0667835,0.000863389,0.000845384,0.06750655
31,8.5,270.0,0.823742,0.0653931,0.0716948,0.000878573,0.000857768,0.06854394999999999
31,8.5,275.0,0.819831,0.0696157,0.0682178,0.000911023,0.000890376,0.06891675
31,8.5,280.0,0.815886,0.068024,0.0661162,0.000949824,0.000928004,0.0670701
31,8.5,285.0,0.811894,0.0717905,0.0700885,0.000969541,0.000943994,0.07093949999999999
31,8.5,290.0,0.807932,0.0665262,0.0701435,0.00100564,0.000982072,0.06833485
31,8.5,295.0,0.803925,0.0696058,0.0656185,0.00103097,0.00101427,0.06761215
31,8.5,300.0,0.799803,0.0690895,0.0726558,0.00106414,0.00103945,0.07087265000000001
31,8.5,305.0,0.795701,0.0714898,0.0688457,0.00105599,0.00103806,0.07016775
31,8.5,310.0,0.791591,0.0673262,0.0699879,0.00110823,0.00108095,0.06865705
31,8.5,315.0,0.787437,0.0684468,0.0747638,0.0011579,0.00113241,0.07160530000000001
31,8.5,320.0,0.783171,0.072697,0.0735057,0.00117246,0.00115293,0.07310135
31,8.5,325.0,0.778901,0.0758089,0.068514,0.00121018,0.00119296,0.07216145
31,8.5,330.0,0.774566,0.0737896,0.0681256,0.00125618,0.00122372,0.0709576
31,8.5,335.0,0.770241,0.0722515,0.0699675,0.00126314,0.00123625,0.07110949999999999
31,8.5,340.0,0.765831,0.0688697,0.0714963,0.0013268,0.00130439,0.070183
31,8.5,345.0,0.761378,0.07225,0.0724786,0.00136678,0.00133912,0.07236429999999999
31,8.5,350.0,0.75685,0.0768954,0.0724911,0.00140111,0.00136852,0.07469325
31,8.5,355.0,0.752299,0.0757568,0.0756607,0.00144668,0.00140909,0.07570874999999999
31,8.5,360.0,0.747703,0.0700286,0.0689972,0.00148355,0.00145794,0.06951289999999999
31,8.5,365.0,0.743043,0.0752015,0.07469,0.00154406,0.00151555,0.07494575
31,8.5,370.0,0.73837,0.075792,0.0735978,0.00158507,0.00154377,0.07469490000000001
31,8.5,375.0,0.733552,0.0770869,0.0753262,0.00162025,0.00158329,0.07620655
31,8.5,380.0,0.728678,0.080111,0.0797063,0.00170253,0.00166538,0.07990865
31,8.5,385.0,0.723896,0.074552,0.0788159,0.00175844,0.0017036,0.07668395
31,8.5,390.0,0.718877,0.0760238,0.0781141,0.00181328,0.00176288,0.07706895
31,8.5,395.0,0.713874,0.0728092,0.079785,0.00183133,0.00179229,0.0762971
31,8.5,400.0,0.708756,0.0769188,0.078099,0.00190932,0.00186171,0.07750889999999999
31,8.5,405.0,0.703689,0.0796265,0.0724968,0.0019477,0.00190041,0.07606165000000001
31,8.5,410.0,0.698449,0.0833403,0.0777301,0.00202654,0.00197243,0.0805352
31,8.5,415.0,0.693079,0.0790967,0.0778549,0.00209621,0.00204421,0.07847580000000001
31,8.5,420.0,0.687762,0.0804097,0.0754525,0.00215714,0.00210309,0.0779311
31,8.5,425.0,0.682239,0.0767214,0.0810387,0.00225256,0.00219067,0.07888005000000001
31,8.5,430.0,0.676724,0.0815461,0.082442,0.00229445,0.00224462,0.08199405
31,8.5,435.0,0.671072,0.0823852,0.0811667,0.00241351,0.00235539,0.08177595
31,8.5,440.0,0.665396,0.0778749,0.0800223,0.00244521,0.00240082,0.07894860000000001
31,8.5,445.0,0.659589,0.0787541,0.0820906,0.00257797,0.00251162,0.08042235
31,8.5,450.0,0.653704,0.0768453,0.0821765,0.00265089,0.0025728,0.0795109
31,8.5,455.0,0.64761,0.0833376,0.0808045,0.0027415,0.00268033,0.08207105
31,8.5,460.0,0.641455,0.0751653,0.0841238,0.00282903,0.00274146,0.07964455000000001
31,8.5,465.0,0.635349,0.0797656,0.0815889,0.00287895,0.00282067,0.08067725
31,8.5,470.0,0.628922,0.0885095,0.085436,0.00304398,0.00294139,0.08697275
31,8.5,475.0,0.622385,0.0833688,0.0768594,0.00314467,0.00306874,0.0801141
31,8.5,480.0,0.615719,0.0844634,0.0882703,0.00338658,0.00328551,0.08636685
31,8.5,485.0,0.609085,0.083093,0.0826736,0.00342373,0.00333634,0.0828833
31,8.5,490.0,0.602184,0.0848809,0.0813163,0.00366686,0.00356943,0.0830986
31,8.5,495.0,0.595195,0.0845104,0.0809695,0.0036586,0.00356295,0.08273995
31,8.5,500.0,0.588124,0.086236,0.0826682,0.00379905,0.00373032,0.0844521
31,8.5,505.0,0.580731,0.0894277,0.0904549,0.00402806,0.00389806,0.0899413
31,8.5,510.0,0.573106,0.0836143,0.0852283,0.00419054,0.00405214,0.0844213
31,8.5,515.0,0.565517,0.0847351,0.0882858,0.00439747,0.00428417,0.08651044999999999
31,8.5,520.0,0.557545,0.0835063,0.0871154,0.00463137,0.00452154,0.08531085
31,8.5,525.0,0.54953,0.0920223,0.0886154,0.00472272,0.00456338,0.09031885
31,8.5,530.0,0.541261,0.0916105,0.0899848,0.00493403,0.00481001,0.09079765000000001
31,8.5,535.0,0.532703,0.0912968,0.088716,0.00533687,0.0051717,0.0900064
31,8.5,540.0,0.523839,0.0864961,0.0910397,0.00560915,0.00545049,0.08876790000000001
31,8.5,545.0,0.514911,0.0882612,0.0891341,0.00595176,0.00577117,0.08869764999999999
31,8.5,550.0,0.50566,0.0895015,0.0886314,0.00618332,0.00600978,0.08906644999999999
31,8.5,555.0,0.495976,0.0905664,0.0904019,0.00653964,0.0063508,0.09048415
31,8.5,560.0,0.486066,0.0945816,0.0970985,0.00693299,0.00669925,0.09584005000000001
31,8.5,565.0,0.475749,0.0937862,0.0942071,0.00744565,0.00721146,0.09399665
31,8.5,570.0,0.465082,0.0916742,0.0907594,0.00804893,0.00778814,0.0912168
31,8.5,575.0,0.454026,0.0934656,0.0968685,0.00859091,0.0082937,0.09516705
31,8.5,580.0,0.442488,0.0927015,0.0958279,0.00929728,0.00895465,0.0942647
31,8.5,585.0,0.430434,0.0950969,0.0981403,0.0100522,0.00965393,0.0966186
31,8.5,590.0,0.417889,0.103766,0.0968361,0.0112159,0.0107195,0.10030105
31,8.5,595.0,0.404959,0.0938456,0.0925599,0.0120963,0.0116794,0.09320275
31,8.5,600.0,0.391042,0.0949023,0.0966968,0.0131235,0.0127064,0.09579955
31,8.5,605.0,0.376608,0.0970854,0.0969748,0.014358,0.0138886,0.09703010000000001
31,8.5,610.0,0.361189,0.0999853,0.0916153,0.0160187,0.0155452,0.0958003
31,8.5,615.0,0.344519,0.102751,0.102969,0.018268,0.0175451,0.10286000000000001
31,8.5,620.0,0.326812,0.10637,0.0971729,0.021483,0.0206976,0.10177145000000001
31,8.5,625.0,0.308197,0.107348,0.0991896,0.0242241,0.0232541,0.1032688
31,8.5,630.0,0.287696,0.1054,0.107733,0.0278955,0.0268459,0.1065665
31,8.5,635.0,0.264844,0.106297,0.106087,0.0361853,0.0345723,0.10619200000000001
31,8.5,640.0,0.239631,0.0979089,0.102859,0.0455057,0.0430612,0.10038395
31,8.5,645.0,0.210468,0.109541,0.0989401,0.0661468,0.0617234,0.10424055
31,8.5,650.0,0.177617,0.108025,0.112312,0.0884956,0.0810941,0.1101685
31,8.5,655.0,0.134688,0.106718,0.108419,2.8534,0.151647,0.1075685
31,8.5,660.0,0.0837317,0.103973,0.0999068,1.16884,0.178477,0.1019399
31,8.5,665.0,0.0538918,0.0908198,0.0876848,0.421042,0.100995,0.0892523
31,8.5,670.0,0.0412827,0.0695908,0.0719611,0.202221,0.0542933,0.07077595
31,8.5,675.0,0.0349678,0.0581324,0.056938,0.13071,0.0390786,0.0575352
31,8.5,680.0,0.0307022,0.0491121,0.0482828,0.0898738,0.0289734,0.04869745
31,8.5,685.0,0.0276502,0.0409616,0.0412567,0.0683803,0.0231584,0.04110915
31,8.5,690.0,0.025155,0.0352591,0.0343378,0.0540789,0.0190307,0.03479845
31,8.5,695.0,0.0233876,0.0306706,0.0311857,0.0440932,0.0161712,0.03092815
31,8.5,700.0,0.0219483,0.0268741,0.027212,0.0387623,0.0142686,0.02704305
31,8.5,705.0,0.0206327,0.0243444,0.0253022,0.0316461,0.01234,0.0248233
31,8.5,710.0,0.019646,0.0224459,0.0221825,0.0286722,0.011239,0.0223142
31,8.5,715.0,0.0186456,0.0203943,0.0197803,0.0251913,0.00987977,0.020087300000000002
31,8.5,720.0,0.0179151,0.0182918,0.0190428,0.0226525,0.00908759,0.018667299999999998
31,8.5,725.0,0.0171147,0.0169836,0.0169784,0.0204429,0.00827797,0.016981000000000003
31,8.5,730.0,0.0164944,0.0157668,0.0157366,0.0186356,0.00758327,0.0157517
31,8.5,735.0,0.0158627,0.0146111,0.014499,0.0169295,0.00695018,0.01455505
31,8.5,740.0,0.0153638,0.0135746,0.01367,0.0156717,0.00649173,0.0136223
31,8.5,745.0,0.0148903,0.0127334,0.0127894,0.0145056,0.00604554,0.0127614
31,8.5,750.0,0.014384,0.0119507,0.0117994,0.0133466,0.00559572,0.01187505
31,8.5,755.0,0.0141201,0.0113539,0.0114406,0.0126903,0.00533315,0.011397250000000001
31,8.5,760.0,0.0137298,0.0106471,0.0108145,0.0119243,0.00506255,0.010730799999999999
31,8.5,765.0,0.0134163,0.0101981,0.0102174,0.0112484,0.00479592,0.01020775
31,8.5,770.0,0.0131011,0.00965273,0.00969741,0.010661,0.00455714,0.009675070000000001
31,8.5,775.0,0.0128287,0.00921977,0.00919353,0.0101811,0.00434556,0.00920665
31,8.5,780.0,0.0125452,0.00884831,0.0087328,0.00953159,0.0040732,0.008790555
31,8.5,785.0,0.0122743,0.00835274,0.00837082,0.00910534,0.00391218,0.00836178
31,8.5,790.0,0.0120751,0.00801874,0.0080796,0.00874114,0.00376299,0.00804917
31,8.5,795.0,0.0118053,0.00768293,0.00766966,0.00826363,0.0035985,0.007676295
31,8.5,800.0,0.0115993,0.00735697,0.00735111,0.00789284,0.00339637,0.00735404
31,8.5,805.0,0.0113928,0.00698639,0.00708746,0.0076375,0.00329925,0.007036925
31,8.5,810.0,0.0112426,0.00684426,0.00677623,0.00737841,0.00317956,0.0068102449999999995
31,8.5,815.0,0.0110535,0.00653719,0.00657259,0.00704655,0.00303758,0.00655489
31,8.5,820.0,0.0108829,0.00636096,0.0063267,0.00674593,0.00293952,0.00634383
31,8.5,825.0,0.0107027,0.00608618,0.00611202,0.0064721,0.00281527,0.0060991
31,8.5,830.0,0.0105868,0.00594969,0.00597064,0.00623594,0.0027357,0.005960165
31,8.5,835.0,0.0104292,0.00571199,0.0057302,0.00607134,0.0026393,0.005721095000000001
31,8.5,840.0,0.0102992,0.00556019,0.00553668,0.00590082,0.00257792,0.005548435
31,8.5,845.0,0.0101361,0.00535364,0.00533839,0.00568097,0.00248909,0.005346015
31,8.5,850.0,0.0100261,0.00519417,0.00520592,0.00551432,0.00240966,0.005200045
31,8.5,855.0,0.00992041,0.0050956,0.00503918,0.00535188,0.00234252,0.00506739
31,8.5,860.0,0.00978521,0.00490939,0.00490095,0.00517515,0.00227207,0.00490517
31,8.5,865.0,0.0097028,0.00477505,0.00480973,0.00506243,0.00221852,0.0047923900000000005
31,8.5,870.0,0.00959076,0.00467366,0.00464592,0.00490926,0.00215526,0.0046597900000000005
31,8.5,875.0,0.00947229,0.00455055,0.00451475,0.00473187,0.00208737,0.00453265
31,8.5,880.0,0.00938797,0.00443804,0.00440677,0.00462509,0.00203299,0.004422405
31,8.5,885.0,0.00929726,0.0043431,0.00428013,0.004511,0.00198075,0.0043116149999999995
31,8.5,890.0,0.00918719,0.00416333,0.00419161,0.00439687,0.00192207,0.00417747
31,8.5,895.0,0.0091213,0.00411405,0.00411327,0.00428565,0.00189779,0.00411366
31,8.5,900.0,0.00900059,0.00398038,0.00399567,0.00412947,0.00182665,0.003988025
31,8.5,905.0,0.00893118,0.00388124,0.00390898,0.00406828,0.00179343,0.0038951100000000002
31,8.5,910.0,0.00885074,0.00379538,0.00381036,0.00397156,0.0017476,0.00380287
31,8.5,915.0,0.00877265,0.00374318,0.00371953,0.00385126,0.00170937,0.003731355
31,8.5,920.0,0.00870982,0.00366924,0.00363162,0.00378421,0.00166876,0.0036504299999999996
31,8.5,925.0,0.00863584,0.00356326,0.00360091,0.00368051,0.00163794,0.003582085
31,8.5,930.0,0.0085676,0.0034724,0.00351186,0.00362795,0.00159891,0.00349213
31,8.5,935.0,0.00849208,0.00341214,0.00342494,0.00353541,0.00156482,0.0034185400000000003
31,8.5,940.0,0.00843753,0.00335617,0.00335539,0.00347297,0.00153584,0.00335578
31,8.5,945.0,0.00837411,0.00328453,0.00328637,0.00341235,0.00150909,0.0032854499999999997
31,8.5,950.0,0.00831118,0.0032334,0.00322461,0.00332845,0.00148328,0.003229005
31,8.5,955.0,0.00824502,0.00316124,0.00313591,0.00328326,0.00145153,0.003148575
31,8.5,960.0,0.00819214,0.00311341,0.00310229,0.00319477,0.0014273,0.00310785
31,8.5,965.0,0.00813492,0.00303531,0.00304489,0.0031494,0.00139835,0.0030401
31,8.5,970.0,0.00809585,0.00299139,0.00299855,0.00310105,0.0013749,0.00299497
31,8.5,975.0,0.00802958,0.00292107,0.00293594,0.00303584,0.0013417,0.002928505
31,8.5,980.0,0.00797379,0.00288855,0.00289472,0.00294469,0.00131905,0.002891635
31,8.5,985.0,0.00792185,0.00282454,0.0028415,0.002905,0.00129544,0.00283302
31,8.5,990.0,0.00787559,0.00278446,0.0027715,0.00286913,0.00127062,0.00277798
31,8.5,995.0,0.00783871,0.00274132,0.00274356,0.0028196,0.00125256,0.00274244
31,8.5,1000.0,0.00777186,0.00267874,0.00269773,0.00275227,0.00123123,0.002688235
33,9.0,0.0,1.0,0.0,0.0,-0.0,-0.0,0.0
33,9.0,5.0,0.997192,0.0590896,0.0583019,1.00634e-05,9.92321e-06,0.05869575
33,9.0,10.0,0.994372,0.0554179,0.0575751,2.01456e-05,1.9795e-05,0.0564965
33,9.0,15.0,0.991538,0.0579125,0.0559352,3.09963e-05,3.05435e-05,0.05692385
33,9.0,20.0,0.988692,0.0572916,0.054313,4.01194e-05,3.97803e-05,0.0558023
33,9.0,25.0,0.985834,0.0582368,0.0569268,5.08115e-05,5.01912e-05,0.0575818
33,9.0,30.0,0.982962,0.057609,0.0568948,6.24736e-05,6.17163e-05,0.0572519
33,9.0,35.0,0.980076,0.0575342,0.0610448,7.28707e-05,7.1906e-05,0.0592895
33,9.0,40.0,0.977176,0.0588435,0.0627009,8.23e-05,8.10052e-05,0.0607722
33,9.0,45.0,0.974265,0.0585758,0.0608522,9.56529e-05,9.41789e-05,0.059714
33,9.0,50.0,0.971338,0.0621521,0.0572216,0.000106902,0.000105679,0.05968685
33,9.0,55.0,0.968401,0.0613804,0.059152,0.00011825,0.000116942,0.060266200000000006
33,9.0,60.0,0.965444,0.05503,0.0583293,0.000130795,0.00012925,0.05667965
33,9.0,65.0,0.962472,0.0586123,0.0584824,0.00014173,0.000139931,0.05854735
33,9.0,70.0,0.959499,0.0589381,0.0586128,0.000153576,0.000151552,0.05877545
33,9.0,75.0,0.9565,0.0588731,0.0593655,0.000165915,0.000162846,0.0591193
33,9.0,80.0,0.953488,0.0590003,0.0626063,0.000176987,0.000173569,0.060803300000000005
33,9.0,85.0,0.95044,0.057699,0.0575822,0.000189596,0.000186709,0.0576406
33,9.0,90.0,0.947395,0.0597519,0.0556148,0.000204986,0.000202606,0.057683349999999994
33,9.0,95.0,0.944333,0.0593811,0.0585809,0.000217115,0.00021398,0.058981
33,9.0,100.0,0.941246,0.0565331,0.0597649,0.000232935,0.000230135,0.058149000000000006
33,9.0,105.0,0.938178,0.0618339,0.0577421,0.0002384,0.000234536,0.059787999999999994
33,9.0,110.0,0.935053,0.0617548,0.0558084,0.000261116,0.000257275,0.0587816
33,9.0,115.0,0.931928,0.0576582,0.058918,0.000280408,0.000276016,0.058288099999999995
33,9.0,120.0,0.92878,0.062192,0.0622925,0.000280133,0.000275261,0.06224225
33,9.0,125.0,0.925626,0.0582178,0.062354,0.000298573,0.000294744,0.0602859
33,9.0,130.0,0.922442,0.0573422,0.0618098,0.000316681,0.000313112,0.059576000000000004
33,9.0,135.0,0.919243,0.0632591,0.0594434,0.000332942,0.000328525,0.061351249999999996
33,9.0,140.0,0.916021,0.0636288,0.06345,0.000344652,0.000341293,0.0635394
33,9.0,145.0,0.912785,0.0616901,0.0583463,0.000358337,0.000354918,0.060018199999999994
33,9.0,150.0,0.909533,0.0623281,0.0622754,0.000382117,0.000377819,0.06230175
33,9.0,155.0,0.906249,0.0608594,0.0638146,0.000394882,0.000388445,0.062337000000000004
33,9.0,160.0,0.902946,0.0595153,0.0613468,0.00041591,0.000410988,0.06043105
33,9.0,165.0,0.89966,0.0612799,0.060672,0.000425271,0.000419219,0.06097595
33,9.0,170.0,0.896312,0.0653665,0.0599461,0.000435382,0.000427492,0.0626563
33,9.0,175.0,0.892954,0.0643033,0.0626602,0.000460799,0.000455285,0.06348175
33,9.0,180.0,0.889587,0.0659293,0.0644673,0.000480453,0.000470613,0.0651983
33,9.0,185.0,0.8862,0.0637079,0.0632032,0.000499803,0.000489104,0.06345555
33,9.0,190.0,0.882763,0.0610633,0.0636502,0.000518586,0.00051139,0.06235675
33,9.0,195.0,0.879302,0.0649852,0.0659058,0.000530666,0.00052439,0.0654455
33,9.0,200.0,0.875842,0.0650053,0.0590022,0.000546071,0.000536422,0.062003749999999996
33,9.0,205.0,0.872341,0.0635348,0.0637047,0.000577727,0.000567735,0.06361975
33,9.0,210.0,0.868846,0.0680121,0.063798,0.000590581,0.000581351,0.06590504999999999
33,9.0,215.0,0.865318,0.0676587,0.0649679,0.000607537,0.000597047,0.06631329999999999
33,9.0,220.0,0.861745,0.0659208,0.0643222,0.000641179,0.00062831,0.0651215
33,9.0,225.0,0.858172,0.0649666,0.0673605,0.000650879,0.00064103,0.06616355
33,9.0,230.0,0.854552,0.0646089,0.0651924,0.000669129,0.000657579,0.06490065
33,9.0,235.0,0.850865,0.0663953,0.0706431,0.000690366,0.000678024,0.0685192
33,9.0,240.0,0.847232,0.0642027,0.0667182,0.000724065,0.000711192,0.06546045
33,9.0,245.0,0.843524,0.0632637,0.0624408,0.000742481,0.000731244,0.06285225
33,9.0,250.0,0.839813,0.0654753,0.0676609,0.000764956,0.000754531,0.06656809999999999
33,9.0,255.0,0.836059,0.0670189,0.0708816,0.000784177,0.000768452,0.06895025
33,9.0,260.0,0.832295,0.0719354,0.070425,0.000819718,0.000803499,0.0711802
33,9.0,265.0,0.828447,0.0644975,0.0643122,0.000856224,0.000845485,0.06440485
33,9.0,270.0,0.824572,0.0658706,0.0677499,0.00086642,0.000852596,0.06681025
33,9.0,275.0,0.820728,0.0670057,0.0737794,0.000907643,0.000890988,0.07039255
33,9.0,280.0,0.816834,0.069916,0.0677324,0.000920073,0.000898836,0.0688242
33,9.0,285.0,0.812875,0.0640659,0.0676851,0.000943411,0.000932801,0.0658755
33,9.0,290.0,0.808924,0.0668593,0.0713438,0.000987024,0.000968298,0.06910155
33,9.0,295.0,0.804868,0.0631425,0.0705801,0.00101224,0.000995701,0.06686130000000001
33,9.0,300.0,0.800823,0.0652159,0.0691379,0.00101881,0.00100783,0.0671769
33,9.0,305.0,0.796723,0.0700485,0.0693824,0.00107921,0.00106085,0.06971545
33,9.0,310.0,0.792651,0.0695055,0.0747975,0.00110885,0.00108684,0.07215150000000001
33,9.0,315.0,0.78845,0.0687328,0.0664666,0.00113945,0.00112316,0.0675997
33,9.0,320.0,0.784266,0.0760016,0.0680243,0.00117296,0.00115257,0.07201294999999999
33,9.0,325.0,0.780013,0.0693555,0.0756532,0.00120192,0.00117378,0.07250435
33,9.0,330.0,0.775712,0.0717951,0.0762383,0.00126393,0.00123673,0.07401669999999999
33,9.0,335.0,0.771387,0.0755347,0.0712621,0.00128201,0.00126211,0.0733984
33,9.0,340.0,0.766994,0.0766739,0.0691713,0.00132159,0.00129294,0.0729226
33,9.0,345.0,0.762533,0.0748445,0.0746168,0.00134354,0.00131806,0.07473065
33,9.0,350.0,0.758101,0.0705479,0.0756441,0.00137814,0.00134458,0.073096
33,9.0,355.0,0.753545,0.0735501,0.0769142,0.00144014,0.00141542,0.07523215
33,9.0,360.0,0.749015,0.0732236,0.0726841,0.00147459,0.00144353,0.07295385
33,9.0,365.0,0.744387,0.0712129,0.0702125,0.00155652,0.00152208,0.07071269999999999
33,9.0,370.0,0.739735,0.0770387,0.0806677,0.00157685,0.00153805,0.0788532
33,9.0,375.0,0.734858,0.0764972,0.0744432,0.00164925,0.00161218,0.0754702
33,9.0,380.0,0.730161,0.0736292,0.0756502,0.00164623,0.00161721,0.0746397
33,9.0,385.0,0.725284,0.0769783,0.0735213,0.00172852,0.00169272,0.0752498
33,9.0,390.0,0.720276,0.07665,0.0794306,0.0018137,0.0017779,0.0780403
33,9.0,395.0,0.715384,0.0758947,0.0743091,0.00181838,0.00177595,0.0751019
33,9.0,400.0,0.710258,0.076839,0.0771781,0.00187874,0.00183904,0.07700855000000001
33,9.0,405.0,0.705208,0.0757244,0.0711941,0.00194615,0.0019067,0.07345925
33,9.0,410.0,0.699933,0.0793652,0.0770608,0.0019576,0.00191034,0.078213
33,9.0,415.0,0.69473,0.0746657,0.0737152,0.00209214,0.00203925,0.07419044999999999
33,9.0,420.0,0.689351,0.079881,0.0793695,0.00208221,0.00202391,0.07962525
33,9.0,425.0,0.683884,0.0778732,0.0822536,0.00220271,0.00215605,0.0800634
33,9.0,430.0,0.678392,0.0860951,0.0776889,0.00230379,0.00224573,0.08189199999999999
33,9.0,435.0,0.672776,0.0772204,0.0809976,0.00236919,0.00231554,0.079109
33,9.0,440.0,0.667171,0.0788131,0.0757444,0.00242134,0.00237243,0.07727875000000001
33,9.0,445.0,0.661324,0.0784466,0.079277,0.00252719,0.00246161,0.07886180000000001
33,9.0,450.0,0.65552,0.082404,0.0809314,0.00256649,0.00250913,0.08166770000000001
33,9.0,455.0,0.649451,0.0808173,0.0726457,0.00267371,0.00260566,0.0767315
33,9.0,460.0,0.643387,0.0818238,0.081772,0.00283619,0.00277222,0.0817979
33,9.0,465.0,0.637163,0.0876011,0.0793395,0.00286484,0.00278173,0.0834703
33,9.0,470.0,0.630878,0.0851238,0.0851953,0.00296271,0.00288235,0.08515955
33,9.0,475.0,0.624317,0.0853682,0.0815301,0.00306627,0.00299238,0.08344915
33,9.0,480.0,0.617844,0.0853999,0.0844931,0.00320512,0.00312656,0.08494650000000001
33,9.0,485.0,0.611149,0.0823387,0.0867537,0.00338698,0.00327842,0.0845462
33,9.0,490.0,0.60431,0.0887631,0.0832145,0.00346197,0.00337734,0.0859888
33,9.0,495.0,0.597343,0.079586,0.0804978,0.00360295,0.0035281,0.0800419
33,9.0,500.0,0.590143,0.0823947,0.0884412,0.00378296,0.00369388,0.08541794999999999
33,9.0,505.0,0.58288,0.0844208,0.0815891,0.00391516,0.00382108,0.08300495
33,9.0,510.0,0.575442,0.092019,0.0885752,0.0041374,0.00403643,0.0902971
33,9.0,515.0,0.567884,0.0840313,0.0850614,0.00429273,0.00418761,0.08454634999999999
33,9.0,520.0,0.559918,0.0868221,0.0879729,0.00446936,0.00434473,0.0873975
33,9.0,525.0,0.551883,0.0863063,0.0864372,0.00467076,0.00455468,0.08637175
33,9.0,530.0,0.543744,0.0896091,0.0879827,0.00488957,0.00476924,0.0887959
33,9.0,535.0,0.535192,0.090091,0.090313,0.00526083,0.00511334,0.090202
33,9.0,540.0,0.526516,0.0892347,0.0897714,0.00550146,0.00535513,0.08950305
33,9.0,545.0,0.517601,0.0909655,0.0890051,0.00571172,0.00555556,0.0899853
33,9.0,550.0,0.508307,0.0916674,0.08696,0.0060133,0.00584567,0.0893137
33,9.0,555.0,0.498709,0.0959295,0.0932727,0.00643305,0.00624742,0.0946011
33,9.0,560.0,0.488923,0.0907888,0.0896215,0.00683647,0.00664218,0.09020515000000001
33,9.0,565.0,0.478631,0.0923166,0.0908783,0.00722711,0.00702395,0.09159745
33,9.0,570.0,0.468151,0.0895996,0.09156,0.00780997,0.00759578,0.0905798
33,9.0,575.0,0.457081,0.0948069,0.0967615,0.00827528,0.00804518,0.0957842
33,9.0,580.0,0.445544,0.0991055,0.0927611,0.00922665,0.00892178,0.0959333
33,9.0,585.0,0.433788,0.0943743,0.10058,0.009666,0.00940704,0.09747715
33,9.0,590.0,0.421211,0.0936052,0.0954173,0.0105856,0.0103046,0.09451124999999999
33,9.0,595.0,0.408228,0.0928809,0.0919666,0.0115627,0.0112151,0.09242375
33,9.0,600.0,0.394494,0.0966948,0.0994767,0.0126131,0.0121681,0.09808575
33,9.0,605.0,0.379748,0.0946775,0.0990814,0.0143646,0.0139273,0.09687945
33,9.0,610.0,0.364644,0.103227,0.103375,0.0156245,0.015004,0.103301
33,9.0,615.0,0.348461,0.103761,0.109156,0.017686,0.0170659,0.10645850000000001
33,9.0,620.0,0.331046,0.102137,0.10126,0.0205881,0.0197399,0.1016985
33,9.0,625.0,0.312189,0.102006,0.0982239,0.0238139,0.0227959,0.10011495000000001
33,9.0,630.0,0.291932,0.10116,0.097304,0.0274212,0.0264434,0.099232
33,9.0,635.0,0.268862,0.107949,0.103881,0.0352426,0.034177,0.10591500000000001
33,9.0,640.0,0.244605,0.107098,0.108571,0.0418761,0.0401924,0.1078345
33,9.0,645.0,0.215519,0.103355,0.110078,0.0610286,0.057796,0.10671649999999999
33,9.0,650.0,0.182825,0.105944,0.109958,0.0871571,0.0813521,0.10795099999999999
33,9.0,655.0,0.13967,0.112076,0.107481,3.02049,0.157749,0.1097785
33,9.0,660.0,0.0860771,0.105669,0.109665,1.44228,0.211545,0.107667
33,9.0,665.0,0.0537889,0.0889613,0.0934604,0.496809,0.117562,0.09121085
33,9.0,670.0,0.0402627,0.074677,0.0717337,0.228213,0.0623938,0.07320535
33,9.0,675.0,0.0332722,0.0583294,0.0574365,0.137468,0.0415129,0.05788295
33,9.0,680.0,0.029257,0.0495838,0.0483792,0.0946794,0.0302105,0.0489815
33,9.0,685.0,0.0264497,0.0425345,0.0424436,0.0705597,0.0236847,0.04248905
33,9.0,690.0,0.0239689,0.0355559,0.0359545,0.0559999,0.0200036,0.0357552
33,9.0,695.0,0.0221755,0.0312786,0.0312036,0.0451572,0.0162689,0.0312411
33,9.0,700.0,0.0208651,0.027977,0.0288047,0.0379703,0.0144302,0.02839085
33,9.0,705.0,0.0195088,0.0243049,0.0252455,0.0324536,0.0122942,0.0247752
33,9.0,710.0,0.0186669,0.0222361,0.0224262,0.0300007,0.0112901,0.02233115
33,9.0,715.0,0.0176396,0.0207695,0.0201677,0.0252987,0.0100394,0.0204686
33,9.0,720.0,0.0169157,0.0188675,0.0188893,0.0228321,0.0092738,0.0188784
33,9.0,725.0,0.0162451,0.0172123,0.0174437,0.0207521,0.00840228,0.017328
33,9.0,730.0,0.0156332,0.0160513,0.0158554,0.0190219,0.00770668,0.015953349999999998
33,9.0,735.0,0.0150239,0.0148185,0.0145794,0.0173187,0.00706436,0.014698949999999999
33,9.0,740.0,0.0146094,0.0140069,0.0139922,0.0159151,0.00666607,0.01399955
33,9.0,745.0,0.0140918,0.0127929,0.012902,0.0148955,0.00616914,0.01284745
33,9.0,750.0,0.0136275,0.0121504,0.0119487,0.0135984,0.00572188,0.01204955
33,9.0,755.0,0.0133574,0.0114582,0.0116555,0.0128479,0.00544334,0.01155685
33,9.0,760.0,0.0129874,0.0108599,0.0108954,0.0120077,0.00510028,0.010877649999999999
33,9.0,765.0,0.012589,0.0100325,0.010198,0.0112692,0.00474875,0.01011525
33,9.0,770.0,0.0123513,0.00975357,0.00963337,0.0107443,0.00454574,0.00969347
33,9.0,775.0,0.0120665,0.00914752,0.00918499,0.0102528,0.0043265,0.009166255
33,9.0,780.0,0.0118185,0.00879975,0.00879462,0.00962835,0.00409792,0.008797184999999999
33,9.0,785.0,0.0116162,0.00846963,0.00846116,0.00920543,0.00393665,0.008465395
33,9.0,790.0,0.0114062,0.00807916,0.00809303,0.00889482,0.00380074,0.008086095
33,9.0,795.0,0.0111935,0.00775126,0.00781076,0.00844413,0.00365307,0.00778101
33,9.0,800.0,0.0109728,0.00743259,0.00743216,0.0080234,0.00345172,0.007432375
33,9.0,805.0,0.0107151,0.007049,0.00696888,0.00769736,0.00329674,0.00700894
33,9.0,810.0,0.01061,0.00690679,0.00685902,0.00738338,0.00320113,0.006882905
33,9.0,815.0,0.0104282,0.00665737,0.0065698,0.00707786,0.00307248,0.006613585
33,9.0,820.0,0.0102909,0.00638875,0.00638101,0.00687835,0.0029691,0.006384880000000001
33,9.0,825.0,0.0100908,0.00618311,0.00603523,0.0065682,0.00284792,0.006109170000000001
33,9.0,830.0,0.00998986,0.00597966,0.0059655,0.00635468,0.00277137,0.00597258
33,9.0,835.0,0.0098498,0.0057793,0.00578422,0.00609368,0.0026524,0.00578176
33,9.0,840.0,0.00967907,0.00557432,0.00556993,0.00582845,0.00256921,0.005572125
33,9.0,845.0,0.00958197,0.00541605,0.00538032,0.00572482,0.00248834,0.005398185
33,9.0,850.0,0.00949872,0.00529791,0.00529557,0.00556065,0.00244601,0.00529674
33,9.0,855.0,0.00934419,0.00508249,0.00510379,0.00535087,0.00234838,0.00509314
33,9.0,860.0,0.00923712,0.00494573,0.0049667,0.00518473,0.00228463,0.004956215
33,9.0,865.0,0.00913482,0.00483097,0.00477279,0.00506843,0.0022136,0.00480188
33,9.0,870.0,0.00903521,0.00468034,0.00465939,0.00493405,0.00215563,0.0046698650000000005
33,9.0,875.0,0.0089356,0.00451288,0.00457454,0.00479697,0.00209971,0.00454371
33,9.0,880.0,0.00883277,0.00440385,0.00445713,0.00463557,0.00204673,0.0044304900000000005
33,9.0,885.0,0.0087504,0.00434867,0.00430477,0.00450415,0.00198391,0.00432672
33,9.0,890.0,0.0086489,0.00419203,0.00420812,0.0043948,0.00194034,0.004200075
33,9.0,895.0,0.00856483,0.00412625,0.00408732,0.00426627,0.00189483,0.004106785
33,9.0,900.0,0.00851064,0.00400571,0.00401321,0.00422607,0.00185168,0.004009459999999999
33,9.0,905.0,0.0084291,0.00393138,0.00392345,0.0040839,0.00179975,0.003927415
33,9.0,910.0,0.00832994,0.00381037,0.00380388,0.00398603,0.00175263,0.0038071249999999997
33,9.0,915.0,0.00827644,0.0037498,0.00375132,0.00388749,0.00172025,0.00375056
33,9.0,920.0,0.00822197,0.0036754,0.00369653,0.00380236,0.00168464,0.0036859650000000002
33,9.0,925.0,0.00813396,0.00356884,0.00357303,0.0037466,0.00165112,0.003570935
33,9.0,930.0,0.00806893,0.0034927,0.00351732,0.00364164,0.00161049,0.0035050100000000002
33,9.0,935.0,0.00802217,0.00345583,0.00343936,0.00357916,0.00158527,0.003447595
33,9.0,940.0,0.00793839,0.00335846,0.00336263,0.00347671,0.00153963,0.0033605450000000004
33,9.0,945.0,0.00788514,0.00330184,0.0033153,0.00338589,0.00150611,0.0033085700000000003
33,9.0,950.0,0.00782419,0.00324181,0.00321964,0.00334425,0.00148349,0.0032307250000000003
33,9.0,955.0,0.00777865,0.00318828,0.00316229,0.00328941,0.00145734,0.003175285
33,9.0,960.0,0.00770586,0.00309631,0.003096,0.00321654,0.00142043,0.0030961549999999997
33,9.0,965.0,0.00767652,0.00303863,0.00308489,0.00316858,0.0014055,0.00306176
33,9.0,970.0,0.0076033,0.0029805,0.00300267,0.00308538,0.00137168,0.0029915849999999997
33,9.0,975.0,0.00756612,0.00294204,0.00294813,0.00304464,0.00135201,0.002945085
33,9.0,980.0,0.00749313,0.00287177,0.00288507,0.00296619,0.0013237,0.00287842
33,9.0,985.0,0.00747734,0.00285246,0.00286438,0.00291922,0.00130536,0.00285842
33,9.0,990.0,0.00742191,0.00280662,0.00278229,0.0028803,0.00128338,0.0027944550000000004
33,9.0,995.0,0.00738045,0.00274511,0.00274598,0.00283981,0.00126072,0.002745545
33,9.0,1000.0,0.00733962,0.00269969,0.00269798,0.00280075,0.00124129,0.002698835
35,9.5,0.0,1.0,0.0,0.0,-0.0,-0.0,0.0
35,9.5,5.0,0.997203,0.0569531,0.0554303,9.82339e-06,9.72628e-06,0.0561917
35,9.5,10.0,0.994395,0.0614505,0.0549686,1.95971e-05,1.93592e-05,0.05820955
35,9.5,15.0,0.991574,0.0573708,0.059295,3.0206e-05,2.98458e-05,0.0583329
35,9.5,20.0,0.98874,0.0559697,0.0576574,3.96281e-05,3.92624e-05,0.05681355
35,9.5,25.0,0.985895,0.0583866,0.0564333,5.12323e-05,5.05502e-05,0.05740995
35,9.5,30.0,0.983033,0.0503148,0.0602101,6.09018e-05,6.0426e-05,0.055262450000000005
35,9.5,35.0,0.980159,0.0594295,0.0544498,7.29186e-05,7.19173e-05,0.05693965
35,9.5,40.0,0.977274,0.0571031,0.0609123,8.25508e-05,8.16623e-05,0.059007699999999996
35,9.5,45.0,0.974371,0.0575761,0.0554949,9.41362e-05,9.24592e-05,0.0565355
35,9.5,50.0,0.971459,0.0564035,0.0546122,0.000106587,0.000105117,0.05550785
35,9.5,55.0,0.968529,0.0587366,0.0641668,0.000116464,0.000114698,0.0614517
35,9.5,60.0,0.965588,0.0593516,0.0629714,0.000127852,0.000126169,0.061161499999999994
35,9.5,65.0,0.962631,0.0604592,0.0592786,0.00013797,0.000136065,0.0598689
35,9.5,70.0,0.959663,0.056045,0.0597861,0.000150895,0.000149356,0.057915549999999996
35,9.5,75.0,0.956675,0.0623578,0.0568117,0.000165146,0.0001638,0.05958475
35,9.5,80.0,0.953683,0.0618736,0.0619641,0.000174133,0.000171906,0.06191885
35,9.5,85.0,0.950649,0.0618818,0.0603313,0.000193085,0.000189892,0.061106549999999996
35,9.5,90.0,0.947618,0.058012,0.0589606,0.000200504,0.000198242,0.058486300000000005
35,9.5,95.0,0.944563,0.0588906,0.0579544,0.000211302,0.000207304,0.0584225
35,9.5,100.0,0.941506,0.058397,0.0579845,0.00022689,0.000224293,0.05819075
35,9.5,105.0,0.938434,0.0574695,0.0591075,0.000238964,0.000236666,0.0582885
35,9.5,110.0,0.935354,0.0629793,0.0592274,0.000256769,0.000254124,0.06110335
35,9.5,115.0,0.932223,0.0571726,0.0588242,0.00026558,0.000262137,0.0579984
35,9.5,120.0,0.929098,0.0575404,0.0612815,0.00027869,0.000274919,0.059410950000000004
35,9.5,125.0,0.925935,0.0609435,0.0634068,0.000308486,0.000303856,0.06217515
35,9.5,130.0,0.92278,0.0600341,0.0655225,0.000317851,0.0003128,0.0627783
35,9.5,135.0,0.919577,0.06318,0.0612153,0.000323343,0.000319281,0.06219765
35,9.5,140.0,0.916387,0.0659789,0.0610752,0.000342009,0.000336552,0.06352705
35,9.5,145.0,0.913167,0.0619289,0.0618929,0.000357373,0.00035281,0.061910900000000005
35,9.5,150.0,0.909923,0.058834,0.0592641,0.000370092,0.000365821,0.05904905
35,9.5,155.0,0.906673,0.0606653,0.0621979,0.000388259,0.000384571,0.0614316
35,9.5,160.0,0.903385,0.0614589,0.0583492,0.000412064,0.000405689,0.05990405
35,9.5,165.0,0.900105,0.064017,0.0619062,0.000419438,0.000414551,0.0629616
35,9.5,170.0,0.896766,0.0624633,0.0625797,0.000440452,0.000436133,0.06252150000000001
35,9.5,175.0,0.893403,0.0621976,0.0621224,0.000451544,0.000444924,0.06216
35,9.5,180.0,0.890074,0.0593621,0.0638568,0.000464007,0.000457344,0.06160945
35,9.5,185.0,0.886694,0.0596972,0.0603097,0.000479432,0.000473408,0.06000345
35,9.5,190.0,0.883262,0.0631732,0.0649894,0.000493238,0.000485252,0.06408130000000001
35,9.5,195.0,0.879848,0.0660013,0.063241,0.000522518,0.000517095,0.06462115
35,9.5,200.0,0.87642,0.0636305,0.0674871,0.000542808,0.000535315,0.0655588
35,9.5,205.0,0.872925,0.0622493,0.0664221,0.000562228,0.000553654,0.0643357
35,9.5,210.0,0.869438,0.0642236,0.0692034,0.000586216,0.000576401,0.06671350000000001
35,9.5,215.0,0.865903,0.0652523,0.0668937,0.000605441,0.000596513,0.06607299999999999
35,9.5,220.0,0.862393,0.0635499,0.0679063,0.000619846,0.000611794,0.06572810000000001
35,9.5,225.0,0.858788,0.0632053,0.0616341,0.00063435,0.000625837,0.0624197
35,9.5,230.0,0.85522,0.069677,0.0712358,0.000663883,0.000656815,0.0704564
35,9.5,235.0,0.851558,0.0649923,0.0671822,0.000688803,0.000680369,0.06608725
35,9.5,240.0,0.847924,0.067418,0.0679132,0.000704673,0.000690599,0.0676656
35,9.5,245.0,0.844237,0.072215,0.069273,0.000736846,0.00072126,0.070744
35,9.5,250.0,0.8405,0.065369,0.0740176,0.000741146,0.000727463,0.0696933
35,9.5,255.0,0.836788,0.0679332,0.0669192,0.000795239,0.000786381,0.06742619999999999
35,9.5,260.0,0.833046,0.0634414,0.0652113,0.000805567,0.000791902,0.06432635
35,9.5,265.0,0.829211,0.0644819,0.064864,0.000817448,0.000804379,0.06467295
35,9.5,270.0,0.825356,0.0647083,0.0678093,0.000854081,0.000836314,0.0662588
35,9.5,275.0,0.821487,0.0667002,0.0618084,0.000882427,0.000868214,0.0642543
35,9.5,280.0,0.81763,0.0679625,0.0676366,0.000913622,0.000901144,0.06779955
35,9.5,285.0,0.813708,0.0712462,0.0687145,0.000934555,0.000919617,0.06998035
35,9.5,290.0,0.809686,0.0644003,0.0687744,0.000967624,0.000956124,0.06658734999999999
35,9.5,295.0,0.80576,0.0721193,0.0694649,0.000982203,0.00096522,0.0707921
35,9.5,300.0,0.80173,0.0691092,0.0681366,0.000997396,0.000987919,0.0686229
35,9.5,305.0,0.797662,0.0709208,0.0694651,0.00102893,0.00101317,0.07019295
35,9.5,310.0,0.793511,0.0713236,0.0680683,0.00109163,0.0010709,0.06969595
35,9.5,315.0,0.789386,0.0698107,0.0746384,0.00112092,0.00110063,0.07222455
35,9.5,320.0,0.785185,0.0752002,0.06839,0.001152,0.00112936,0.0717951
35,9.5,325.0,0.781004,0.0757055,0.0729331,0.00118065,0.00116599,0.0743193
35,9.5,330.0,0.776731,0.076401,0.0727882,0.00123936,0.00121424,0.0745946
35,9.5,335.0,0.772421,0.070174,0.0688208,0.00125272,0.00123513,0.0694974
35,9.5,340.0,0.768032,0.0733142,0.0728908,0.00128696,0.00125854,0.0731025
35,9.5,345.0,0.763618,0.069999,0.0752648,0.00132539,0.00130561,0.0726319
35,9.5,350.0,0.759211,0.0702535,0.0755052,0.00138951,0.00137036,0.07287935
35,9.5,355.0,0.754675,0.0742621,0.0733706,0.00142852,0.00140763,0.07381635
35,9.5,360.0,0.750086,0.0741628,0.0704262,0.00144501,0.0014141,0.0722945
35,9.5,365.0,0.745487,0.0768026,0.0660563,0.00150594,0.00148653,0.07142945
35,9.5,370.0,0.740856,0.0727175,0.0798115,0.00154401,0.00150882,0.0762645
35,9.5,375.0,0.7361,0.0777937,0.0750108,0.00157219,0.00153991,0.07640225
35,9.5,380.0,0.731293,0.0760265,0.0721896,0.00164702,0.00161858,0.07410805000000001
35,9.5,385.0,0.72657,0.0786015,0.0734534,0.00168037,0.00165465,0.07602745
35,9.5,390.0,0.721636,0.0716207,0.0772637,0.00176014,0.00172522,0.0744422
35,9.5,395.0,0.716625,0.0771654,0.0756843,0.00180222,0.00177489,0.07642484999999999
35,9.5,400.0,0.711594,0.0762278,0.0734689,0.00185044,0.00181224,0.07484835000000001
35,9.5,405.0,0.70651,0.0787871,0.07865,0.0019149,0.00188102,0.07871855
35,9.5,410.0,0.701339,0.0788071,0.0755845,0.00196483,0.00192239,0.07719580000000001
35,9.5,415.0,0.696064,0.0796075,0.0729621,0.00199879,0.00195738,0.0762848
35,9.5,420.0,0.690802,0.0819847,0.0778699,0.00211202,0.00207281,0.0799273
35,9.5,425.0,0.685361,0.0761109,0.0792718,0.00216804,0.00213725,0.07769134999999999
35,9.5,430.0,0.679931,0.0773941,0.0786541,0.00223572,0.00219273,0.0780241
35,9.5,435.0,0.674308,0.0772876,0.0783306,0.00230658,0.00225942,0.07780909999999999
35,9.5,440.0,0.66864,0.0797619,0.0768531,0.00236157,0.00232719,0.0783075
35,9.5,445.0,0.662846,0.0776591,0.0814201,0.00246269,0.00241498,0.07953959999999999
35,9.5,450.0,0.657059,0.0770605,0.0786722,0.00250958,0.00245838,0.07786635
35,9.5,455.0,0.651123,0.0781104,0.078752,0.00264208,0.00257917,0.0784312
35,9.5,460.0,0.64509,0.0829017,0.0817649,0.00269288,0.00264394,0.0823333
35,9.5,465.0,0.63885,0.0811714,0.0775713,0.00286797,0.00281405,0.07937135000000001
35,9.5,470.0,0.632567,0.0821604,0.082734,0.00293922,0.00288018,0.0824472
35,9.5,475.0,0.626187,0.0830731,0.0832139,0.00309578,0.00303448,0.0831435
35,9.5,480.0,0.61966,0.0834412,0.0785762,0.00317982,0.00311496,0.08100869999999999
35,9.5,485.0,0.612979,0.0808826,0.0818295,0.00331832,0.00324066,0.08135605
35,9.5,490.0,0.606246,0.0859751,0.0874715,0.00342047,0.00333882,0.0867233
35,9.5,495.0,0.599246,0.0806173,0.084763,0.00350099,0.00342108,0.08269015
35,9.5,500.0,0.592179,0.0847767,0.0845214,0.00364734,0.00356578,0.08464905
35,9.5,505.0,0.584823,0.088962,0.0872368,0.00389917,0.0038057,0.0880994
35,9.5,510.0,0.577415,0.0852581,0.0854697,0.00398563,0.00389554,0.08536389999999999
35,9.5,515.0,0.569836,0.0896866,0.0849811,0.00412254,0.00402216,0.08733385
35,9.5,520.0,0.562128,0.0833394,0.0939011,0.00439419,0.00427726,0.08862025
35,9.5,525.0,0.554112,0.0918302,0.0827183,0.00465519,0.00455941,0.08727425
35,9.5,530.0,0.545859,0.0818386,0.0846694,0.00480577,0.00471091,0.083254
35,9.5,535.0,0.537392,0.0901553,0.0867042,0.00503356,0.00494001,0.08842975
35,9.5,540.0,0.528845,0.0906959,0.0907956,0.00530444,0.00515999,0.09074575
35,9.5,545.0,0.519746,0.0939101,0.0870196,0.00585861,0.00571803,0.09046485
35,9.5,550.0,0.510684,0.0915386,0.0911881,0.00607199,0.00591374,0.09136335
35,9.5,555.0,0.501049,0.0889658,0.092127,0.00630592,0.00614777,0.0905464
35,9.5,560.0,0.491406,0.0882911,0.0935137,0.00680792,0.00664681,0.0909024
35,9.5,565.0,0.481255,0.0905067,0.09516,0.00704376,0.00688965,0.09283335
35,9.5,570.0,0.470688,0.0884305,0.0968007,0.0076787,0.00748802,0.09261559999999999
35,9.5,575.0,0.45972,0.100579,0.0868685,0.00825042,0.00800843,0.09372375
35,9.5,580.0,0.448212,0.0949801,0.0957467,0.00891606,0.00865608,0.0953634
35,9.5,585.0,0.436606,0.0997524,0.0919807,0.00941711,0.00918162,0.09586655
35,9.5,590.0,0.424146,0.0948055,0.0965632,0.0106359,0.0103188,0.09568435
35,9.5,595.0,0.411289,0.0978313,0.0980538,0.011004,0.0106808,0.09794254999999999
35,9.5,600.0,0.397436,0.100634,0.0909726,0.0125115,0.0121759,0.09580330000000001
35,9.5,605.0,0.383206,0.0973757,0.102658,0.0137897,0.013366,0.10001684999999999
35,9.5,610.0,0.36798,0.0991101,0.107517,0.0154421,0.0149792,0.10331355
35,9.5,615.0,0.351605,0.102066,0.105532,0.0175231,0.0170419,0.103799
35,9.5,620.0,0.334183,0.103178,0.101599,0.0202609,0.0195106,0.1023885
35,9.5,625.0,0.315709,0.100339,0.101297,0.0227356,0.0220747,0.10081799999999999
35,9.5,630.0,0.295624,0.104861,0.100206,0.0273309,0.0264202,0.1025335
35,9.5,635.0,0.273042,0.103646,0.105391,0.0337136,0.0324477,0.1045185
35,9.5,640.0,0.248548,0.107787,0.107497,0.0424948,0.0407241,0.10764199999999999
35,9.5,645.0,0.220406,0.103669,0.109288,0.0561762,0.0542807,0.1064785
35,9.5,650.0,0.1875,0.108848,0.106424,0.084428,0.0793983,0.10763600000000001
35,9.5,655.0,0.144798,0.108522,0.114603,0.162423,0.145218,0.1115625
35,9.5,660.0,0.0875436,0.108903,0.113603,1.6546,0.252504,0.11125299999999999
35,9.5,665.0,0.0521547,0.0960935,0.0908926,0.529616,0.124349,0.09349305
35,9.5,670.0,0.0393801,0.0771713,0.0729788,0.252956,0.0683693,0.07507505
35,9.5,675.0,0.0318972,0.0593091,0.0617029,0.138925,0.0414208,0.060506
35,9.5,680.0,0.0279279,0.0511195,0.0488628,0.0976729,0.0314131,0.04999115
35,9.5,685.0,0.025011,0.0425308,0.0425321,0.0722021,0.0248928,0.04253145
35,9.5,690.0,0.0228947,0.0370894,0.0367884,0.0563968,0.0201623,0.0369389
35,9.5,695.0,0.021014,0.0323292,0.031564,0.0447975,0.016593,0.031946600000000006
35,9.5,700.0,0.0196453,0.0279857,0.0279901,0.0384742,0.0145121,0.0279879
35,9.5,705.0,0.0184535,0.0251027,0.0246084,0.0329903,0.0126723,0.024855549999999997
35,9.5,710.0,0.0177371,0.0225486,0.0230225,0.0300888,0.0114185,0.02278555
35,9.5,715.0,0.0166479,0.0204615,0.0204019,0.0254007,0.0100721,0.0204317
35,9.5,720.0,0.0159429,0.0183031,0.0189945,0.0230505,0.00915294,0.0186488
35,9.5,725.0,0.0153814,0.0175693,0.0173611,0.0207839,0.00839117,0.0174652
35,9.5,730.0,0.0147396,0.0158541,0.0161859,0.018959,0.0078419,0.01602
35,9.5,735.0,0.0142734,0.0149778,0.0147961,0.0174949,0.00707354,0.01488695
35,9.5,740.0,0.0138112,0.0138646,0.0140161,0.0162162,0.0067179,0.01394035
35,9.5,745.0,0.0133355,0.0128932,0.012929,0.0150027,0.00621021,0.0129111
35,9.5,750.0,0.0129321,0.0121373,0.0121175,0.0138194,0.00573689,0.0121274
35,9.5,755.0,0.0126026,0.0113553,0.0115548,0.0130226,0.0054283,0.011455050000000001
35,9.5,760.0,0.0122915,0.0108784,0.0107187,0.0123263,0.00509542,0.01079855
35,9.5,765.0,0.0119712,0.0103366,0.0101964,0.0114906,0.00486285,0.0102665
35,9.5,770.0,0.0116908,0.00971955,0.00973527,0.0108855,0.00460141,0.00972741
35,9.5,775.0,0.0114279,0.00922033,0.00928955,0.0102753,0.00434871,0.00925494
35,9.5,780.0,0.0112254,0.00891447,0.00890138,0.00976231,0.00415159,0.008907925
35,9.5,785.0,0.0109713,0.00847648,0.008482,0.00926366,0.00398618,0.008479239999999999
35,9.5,790.0,0.0107171,0.00812539,0.00798844,0.00873725,0.00376867,0.008056915
35,9.5,795.0,0.0105572,0.00774286,0.00782051,0.00838759,0.0036214,0.007781685
35,9.5,800.0,0.0103469,0.00741552,0.00736816,0.0080648,0.00344127,0.00739184
35,9.5,805.0,0.0102075,0.00720696,0.00716219,0.00775808,0.00335682,0.007184575
35,9.5,810.0,0.0100282,0.00690168,0.00687317,0.00744376,0.00321455,0.006887425
35,9.5,815.0,0.00986121,0.00673644,0.00661038,0.00704646,0.00309013,0.006673409999999999
35,9.5,820.0,0.00971661,0.00639598,0.0063829,0.00688044,0.00296279,0.00638944
35,9.5,825.0,0.00956449,0.00619303,0.00621906,0.00654432,0.00287676,0.006206045
35,9.5,830.0,0.0094536,0.00605644,0.00597469,0.0063539,0.00277013,0.0060155650000000005
35,9.5,835.0,0.009298,0.00578906,0.0058017,0.0060966,0.00267274,0.00579538
35,9.5,840.0,0.00919354,0.00566655,0.00560376,0.00592572,0.00260411,0.005635155
35,9.5,845.0,0.00906819,0.00547725,0.00539875,0.00575919,0.00252222,0.005438
35,9.5,850.0,0.00892808,0.0052371,0.00522837,0.00555577,0.00242162,0.0052327350000000005
35,9.5,855.0,0.00883763,0.00513511,0.00512085,0.00535143,0.00235984,0.00512798
35,9.5,860.0,0.00873837,0.00498119,0.00497817,0.00521583,0.00229992,0.00497968
35,9.5,865.0,0.00865679,0.00484586,0.00484426,0.00512186,0.00224823,0.00484506
35,9.5,870.0,0.00855359,0.0047219,0.00467647,0.00496436,0.00216714,0.004699185
35,9.5,875.0,0.00844936,0.00459293,0.00457401,0.00477565,0.00211041,0.00458347
35,9.5,880.0,0.00838493,0.00447449,0.00447096,0.00469004,0.00204945,0.004472725
35,9.5,885.0,0.00825827,0.00433004,0.00433998,0.00450348,0.00199876,0.00433501
35,9.5,890.0,0.0082003,0.00424773,0.00422208,0.00443301,0.00194554,0.004234905
35,9.5,895.0,0.00810374,0.0041165,0.00413461,0.00429108,0.0019014,0.004125555
35,9.5,900.0,0.00805172,0.0040566,0.00402553,0.00422072,0.00185672,0.004041065
35,9.5,905.0,0.0079448,0.00394484,0.0039145,0.00406098,0.00180583,0.00392967
35,9.5,910.0,0.00788294,0.00382984,0.00385483,0.00398849,0.00177022,0.003842335
35,9.5,915.0,0.00780941,0.00376081,0.00376353,0.00387098,0.00172931,0.00376217
35,9.5,920.0,0.0077495,0.003661,0.00369207,0.0038042,0.00169088,0.003676535
35,9.5,925.0,0.0076873,0.00359075,0.00360334,0.00372247,0.00165185,0.003597045
35,9.5,930.0,0.00764529,0.00353521,0.00353723,0.00366064,0.00161853,0.00353622
35,9.5,935.0,0.00756042,0.00346219,0.00343314,0.00355044,0.00158005,0.003447665
35,9.5,940.0,0.00750727,0.00336279,0.00340407,0.00347299,0.00154485,0.0033834299999999998
35,9.5,945.0,0.00747105,0.00332737,0.00332213,0.00343796,0.00152191,0.00332475
35,9.5,950.0,0.00739551,0.00324288,0.0032374,0.00335261,0.00148364,0.00324014
35,9.5,955.0,0.00734711,0.0031869,0.003178,0.00329007,0.0014578,0.00318245
35,9.5,960.0,0.00728099,0.00310285,0.00310316,0.003224,0.00142175,0.003103005
35,9.5,965.0,0.00724386,0.00306777,0.00306232,0.00315734,0.00140192,0.0030650449999999997
35,9.5,970.0,0.00720105,0.00301994,0.00300708,0.00310111,0.00137541,0.00301351
35,9.5,975.0,0.00715324,0.00295554,0.0029579,0.00305396,0.00135656,0.00295672
35,9.5,980.0,0.00711175,0.00292231,0.00289606,0.00299853,0.00133243,0.002909185
35,9.5,985.0,0.00706097,0.00284719,0.002858,0.002944,0.00130871,0.002852595
35,9.5,990.0,0.00700722,0.00280635,0.00278485,0.00288462,0.00128315,0.0027956
35,9.5,995.0,0.00697714,0.00275211,0.00277507,0.00282721,0.00125919,0.00276359
35,9.5,1000.0,0.00690837,0.00268886,0.00269579,0.00277103,0.00123452,0.0026923249999999998
37,10.0,0.0,1.0,0.0,0.0,0.0,0.0,0.0
37,10.0,5.0,0.997214,0.0557498,0.0558198,9.67141e-06,9.54654e-06,0.0557848
37,10.0,10.0,0.994417,0.0550628,0.0600344,1.94701e-05,1.92634e-05,0.057548600000000005
37,10.0,15.0,0.991605,0.0551379,0.0534331,3.00263e-05,2.95611e-05,0.0542855
37,10.0,20.0,0.988781,0.0595296,0.0592929,3.98593e-05,3.93017e-05,0.05941125
37,10.0,25.0,0.985945,0.0547468,0.0597445,5.03699e-05,4.98177e-05,0.057245649999999995
37,10.0,30.0,0.9831,0.0561939,0.0530129,6.18488e-05,6.11251e-05,0.054603399999999996
37,10.0,35.0,0.980233,0.0549154,0.0558173,7.21163e-05,7.13589e-05,0.05536635
37,10.0,40.0,0.977362,0.0576673,0.0598165,8.02409e-05,7.90727e-05,0.0587419
37,10.0,45.0,0.974471,0.0572941,0.0546445,9.43577e-05,9.31393e-05,0.0559693
37,10.0,50.0,0.971564,0.057827,0.0552913,0.000103842,0.000102885,0.05655915
37,10.0,55.0,0.96865,0.0592072,0.0572783,0.000114646,0.000113585,0.058242749999999996
37,10.0,60.0,0.965716,0.0578997,0.057548,0.000129755,0.000128513,0.05772385
37,10.0,65.0,0.962776,0.059145,0.0605089,0.000136181,0.000135212,0.059826950000000004
37,10.0,70.0,0.959816,0.059356,0.0583995,0.000149945,0.000148699,0.05887775
37,10.0,75.0,0.956845,0.0581494,0.0576898,0.000161084,0.000159886,0.0579196
37,10.0,80.0,0.953849,0.0575466,0.0578903,0.000172875,0.000170519,0.057718450000000004
37,10.0,85.0,0.950848,0.0572888,0.0588841,0.000187372,0.000185166,0.05808645
37,10.0,90.0,0.947828,0.060693,0.0575465,0.000198824,0.000196083,0.05911975
37,10.0,95.0,0.944789,0.0604572,0.0602622,0.000214449,0.000212606,0.0603597
37,10.0,100.0,0.941737,0.0603318,0.0595355,0.000222271,0.000220564,0.05993365
37,10.0,105.0,0.938667,0.0624928,0.0599701,0.000238871,0.000235792,0.06123145
37,10.0,110.0,0.935574,0.0595317,0.0628352,0.000250655,0.000248916,0.06118345
37,10.0,115.0,0.932472,0.0627889,0.0618702,0.000269765,0.000266889,0.06232955
37,10.0,120.0,0.929362,0.0600959,0.0610327,0.000277832,0.000273944,0.0605643
37,10.0,125.0,0.926232,0.059875,0.0584685,0.000293375,0.000290578,0.059171749999999995
37,10.0,130.0,0.923066,0.0659308,0.0647929,0.000306639,0.000300936,0.06536185
37,10.0,135.0,0.91991,0.060743,0.061069,0.000325617,0.000322505,0.060906
37,10.0,140.0,0.916706,0.0628705,0.0598238,0.000339093,0.000335846,0.06134715
37,10.0,145.0,0.913506,0.0616695,0.0653966,0.000356775,0.000352056,0.06353305000000001
37,10.0,150.0,0.910274,0.0597194,0.0647023,0.000368065,0.000363327,0.06221085
37,10.0,155.0,0.907036,0.0619145,0.0642155,0.000381048,0.000376944,0.063065
37,10.0,160.0,0.90377,0.058971,0.0618018,0.000400766,0.000396341,0.0603864
37,10.0,165.0,0.900484,0.0600348,0.0620346,0.000407638,0.000403553,0.0610347
37,10.0,170.0,0.897176,0.0626805,0.0641242,0.000434823,0.000427539,0.06340235
37,10.0,175.0,0.893858,0.0586971,0.0625705,0.000439996,0.000435386,0.0606338
37,10.0,180.0,0.890489,0.0646387,0.0648334,0.000460501,0.000455636,0.06473604999999999
37,10.0,185.0,0.887119,0.0682414,0.063589,0.000487794,0.000479256,0.06591520000000001
37,10.0,190.0,0.88374,0.0626576,0.0665163,0.000496666,0.000488235,0.06458695
37,10.0,195.0,0.880321,0.0676876,0.0640264,0.000513661,0.000507561,0.065857
37,10.0,200.0,0.876874,0.0627895,0.061895,0.000523122,0.000517038,0.06234225
37,10.0,205.0,0.873429,0.0642565,0.0620518,0.000554074,0.000548663,0.06315414999999999
37,10.0,210.0,0.869938,0.0650844,0.0664042,0.000587006,0.000583137,0.0657443
37,10.0,215.0,0.86642,0.0616697,0.0636221,0.000599372,0.000590847,0.0626459
37,10.0,220.0,0.862902,0.0674893,0.0666386,0.000617425,0.000607451,0.06706395000000001
37,10.0,225.0,0.859363,0.0691194,0.0645698,0.000626543,0.00061955,0.0668446
37,10.0,230.0,0.855768,0.066987,0.0664379,0.000655382,0.000645708,0.06671245
37,10.0,235.0,0.852148,0.067853,0.0657688,0.000680393,0.000673103,0.0668109
37,10.0,240.0,0.848508,0.0639759,0.067165,0.000697088,0.000685585,0.06557045
37,10.0,245.0,0.844848,0.0676624,0.0695086,0.000702076,0.000691375,0.0685855
37,10.0,250.0,0.841137,0.0691141,0.0666934,0.000734928,0.000725228,0.06790375
37,10.0,255.0,0.837403,0.0675577,0.0693946,0.000781658,0.00076948,0.06847615
37,10.0,260.0,0.833688,0.0750045,0.0688441,0.00078751,0.000771914,0.0719243
37,10.0,265.0,0.829912,0.0698164,0.0687049,0.000812557,0.000801714,0.06926065
37,10.0,270.0,0.826071,0.0711015,0.0684548,0.000846203,0.000835293,0.06977815
37,10.0,275.0,0.822249,0.0683657,0.0679761,0.000856415,0.000841358,0.0681709
37,10.0,280.0,0.818387,0.0675633,0.0632792,0.000896231,0.000880852,0.06542125
37,10.0,285.0,0.814471,0.066023,0.0698267,0.000924325,0.00091163,0.06792485000000001
37,10.0,290.0,0.810494,0.0709049,0.0658945,0.000971854,0.000958192,0.06839970000000001
37,10.0,295.0,0.806522,0.0689991,0.0722022,0.000980016,0.000963311,0.07060064999999999
37,10.0,300.0,0.802499,0.0662458,0.0721347,0.00102789,0.00101213,0.06919025
37,10.0,305.0,0.798461,0.0715086,0.066097,0.00104195,0.00102935,0.0688028
37,10.0,310.0,0.79437,0.0699761,0.0735828,0.00109932,0.0010814,0.07177945
37,10.0,315.0,0.790244,0.0710959,0.0723812,0.00108572,0.00106882,0.07173855000000001
37,10.0,320.0,0.786095,0.0699489,0.0672806,0.00113302,0.00111951,0.06861475
37,10.0,325.0,0.781878,0.0721119,0.0683673,0.00115768,0.00114365,0.07023960000000001
37,10.0,330.0,0.777637,0.0722178,0.0689023,0.00123393,0.00121524,0.07056005
37,10.0,335.0,0.77327,0.0729218,0.0796453,0.00122772,0.00119734,0.07628355
37,10.0,340.0,0.768974,0.0736166,0.0712193,0.001256,0.00123626,0.07241795000000001
37,10.0,345.0,0.764575,0.0728782,0.0732321,0.00131908,0.00129309,0.07305515
37,10.0,350.0,0.760121,0.0718311,0.0725613,0.00135943,0.00133584,0.07219619999999999
37,10.0,355.0,0.755675,0.0762194,0.0774006,0.00138045,0.00135711,0.07681
37,10.0,360.0,0.75112,0.0787098,0.0768968,0.00144172,0.00141292,0.07780329999999999
37,10.0,365.0,0.74656,0.0709455,0.0742132,0.00147339,0.00144594,0.07257934999999999
37,10.0,370.0,0.741863,0.0745763,0.077687,0.00150817,0.00148618,0.07613165
37,10.0,375.0,0.737214,0.0730572,0.0766879,0.00154698,0.00152343,0.07487255000000001
37,10.0,380.0,0.7325,0.0763973,0.0788138,0.00162818,0.00159419,0.07760555
37,10.0,385.0,0.727589,0.0772073,0.076007,0.00166736,0.00164381,0.07660715000000001
37,10.0,390.0,0.722735,0.0788499,0.0723922,0.00167882,0.00163909,0.07562105
37,10.0,395.0,0.717786,0.0778331,0.0785175,0.00174634,0.00171677,0.0781753
37,10.0,400.0,0.712799,0.0768657,0.0757203,0.00178671,0.00174972,0.076293
37,10.0,405.0,0.707732,0.0821703,0.0712838,0.00188938,0.00185764,0.07672704999999999
37,10.0,410.0,0.702588,0.0728257,0.0714906,0.0019419,0.00190546,0.07215815
37,10.0,415.0,0.697381,0.0762357,0.0745408,0.0019939,0.0019601,0.07538825
37,10.0,420.0,0.692074,0.0784465,0.0778465,0.00204948,0.00201789,0.07814650000000001
37,10.0,425.0,0.686652,0.0762736,0.076052,0.00210161,0.00206997,0.0761628
37,10.0,430.0,0.681223,0.0820876,0.078128,0.0021707,0.00213946,0.0801078
37,10.0,435.0,0.675647,0.07928,0.0806422,0.00229065,0.00224971,0.07996110000000001
37,10.0,440.0,0.670032,0.0805689,0.0790451,0.00238158,0.00233222,0.07980699999999999
37,10.0,445.0,0.664291,0.0741972,0.079127,0.0024032,0.00235686,0.07666210000000001
37,10.0,450.0,0.658487,0.0773232,0.0762196,0.00247065,0.0024242,0.07677139999999999
37,10.0,455.0,0.652511,0.0757248,0.0790172,0.00257064,0.00253171,0.077371
37,10.0,460.0,0.646545,0.0822706,0.0830329,0.00270369,0.00265452,0.08265175
37,10.0,465.0,0.640415,0.0811948,0.0859655,0.00274881,0.00267803,0.08358014999999999
37,10.0,470.0,0.634105,0.0860412,0.0835751,0.00287365,0.0028181,0.08480815
37,10.0,475.0,0.627683,0.0822135,0.0799792,0.00299166,0.00294587,0.08109635
37,10.0,480.0,0.621303,0.0820584,0.0841009,0.00314754,0.00308389,0.08307965
37,10.0,485.0,0.61459,0.0825937,0.082288,0.00327887,0.00321082,0.08244085000000001
37,10.0,490.0,0.607802,0.0812357,0.0811432,0.00332752,0.0032663,0.08118945
37,10.0,495.0,0.600986,0.0844966,0.0796382,0.00350236,0.00344969,0.08206740000000001
37,10.0,500.0,0.593864,0.0829983,0.0847364,0.00368063,0.00362142,0.08386735000000001
37,10.0,505.0,0.586625,0.0806309,0.0927694,0.00380868,0.00371722,0.08670015
37,10.0,510.0,0.579235,0.0890129,0.0869383,0.00404732,0.00393268,0.0879756
37,10.0,515.0,0.571686,0.0884123,0.084469,0.00412047,0.00403101,0.08644065000000001
37,10.0,520.0,0.563944,0.090328,0.0898235,0.00442123,0.00432355,0.09007575000000001
37,10.0,525.0,0.556013,0.0916966,0.0851822,0.00458004,0.00446572,0.0884394
37,10.0,530.0,0.547812,0.0879001,0.0933796,0.00489895,0.00479005,0.09063985
37,10.0,535.0,0.53929,0.0927248,0.0909328,0.00501018,0.00487792,0.09182879999999999
37,10.0,540.0,0.530786,0.0905744,0.0852621,0.00543278,0.00533354,0.08791825
37,10.0,545.0,0.521855,0.0900019,0.0845872,0.00555741,0.00542356,0.08729455
37,10.0,550.0,0.512698,0.0949486,0.0965994,0.00579835,0.00567032,0.095774
37,10.0,555.0,0.503291,0.0889564,0.0904737,0.00617907,0.00602769,0.08971505
37,10.0,560.0,0.493533,0.0909945,0.0921927,0.0065617,0.00640714,0.0915936
37,10.0,565.0,0.483517,0.096004,0.0907702,0.00708003,0.00691929,0.0933871
37,10.0,570.0,0.472926,0.0932448,0.0938045,0.00752255,0.00734854,0.09352465
37,10.0,575.0,0.462025,0.088252,0.0933187,0.00795022,0.00780015,0.09078535
37,10.0,580.0,0.450849,0.095711,0.0971457,0.0087772,0.00859054,0.09642835
37,10.0,585.0,0.439063,0.0975801,0.097271,0.00919058,0.00897736,0.09742555
37,10.0,590.0,0.426545,0.0969124,0.0960764,0.0101795,0.00995044,0.09649440000000001
37,10.0,595.0,0.413804,0.0993881,0.0978431,0.0109327,0.0106973,0.0986156
37,10.0,600.0,0.400142,0.0967773,0.101749,0.0121651,0.0118723,0.09926315
37,10.0,605.0,0.386144,0.091924,0.100573,0.0130621,0.0126927,0.0962485
37,10.0,610.0,0.370631,0.102446,0.0979115,0.0147869,0.0144511,0.10017875
37,10.0,615.0,0.354655,0.0971963,0.0980886,0.0166416,0.0161785,0.09764244999999999
37,10.0,620.0,0.337757,0.102926,0.0969304,0.0190512,0.0185256,0.0999282
37,10.0,625.0,0.318907,0.101484,0.102601,0.0224541,0.0218742,0.10204250000000001
37,10.0,630.0,0.298815,0.10002,0.104358,0.0257768,0.0251575,0.102189
37,10.0,635.0,0.276827,0.10129,0.105518,0.0323525,0.0312003,0.103404
37,10.0,640.0,0.252257,0.102123,0.102465,0.041638,0.0402205,0.102294
37,10.0,645.0,0.224352,0.106664,0.100857,0.0584333,0.0556487,0.1037605
37,10.0,650.0,0.191676,0.10475,0.109814,0.0832877,0.0792691,0.10728199999999999
37,10.0,655.0,0.151539,0.105654,0.117941,3.64976,0.139593,0.1117975
37,10.0,660.0,0.0962539,0.114378,0.110449,2.10757,0.256693,0.1124135
37,10.0,665.0,0.0532225,0.0983384,0.0962433,0.642302,0.150524,0.09729085000000001
37,10.0,670.0,0.0378735,0.0767113,0.0754824,0.265387,0.0714506,0.07609685
37,10.0,675.0,0.0302403,0.0617673,0.059197,0.140065,0.0418737,0.06048215
37,10.0,680.0,0.0268393,0.0513175,0.0522886,0.0998629,0.0320676,0.05180305
37,10.0,685.0,0.0241254,0.043085,0.044323,0.0754563,0.0254453,0.043704
37,10.0,690.0,0.0217667,0.0366772,0.0360802,0.0582303,0.0199279,0.0363787
37,10.0,695.0,0.0202297,0.0331666,0.0324026,0.0467416,0.0170653,0.0327846
37,10.0,700.0,0.018749,0.0283411,0.0284996,0.0389403,0.0145355,0.02842035
37,10.0,705.0,0.0176913,0.0254825,0.0248805,0.0343858,0.0129248,0.025181500000000002
37,10.0,710.0,0.0167318,0.0228417,0.0229685,0.0293526,0.0113618,0.022905099999999998
37,10.0,715.0,0.0159144,0.0210812,0.0209154,0.0257415,0.0104266,0.0209983
37,10.0,720.0,0.0152317,0.0190347,0.0191188,0.0232435,0.00926452,0.01907675
37,10.0,725.0,0.0145235,0.0171229,0.0175648,0.0208082,0.00841829,0.01734385
37,10.0,730.0,0.0140066,0.0162415,0.0161866,0.0188287,0.00778587,0.01621405
37,10.0,735.0,0.0135075,0.015065,0.0146372,0.0176668,0.00720315,0.014851099999999999
37,10.0,740.0,0.013099,0.013896,0.0139212,0.0164276,0.00672632,0.0139086
37,10.0,745.0,0.0126691,0.0129912,0.0130699,0.0150069,0.00620729,0.01303055
37,10.0,750.0,0.0123437,0.0122729,0.0123269,0.014078,0.00581231,0.012299899999999999
37,10.0,755.0,0.0119894,0.0115897,0.0115057,0.0131408,0.00543394,0.011547700000000001
37,10.0,760.0,0.0117058,0.010997,0.0108902,0.0125306,0.00524398,0.0109436
37,10.0,765.0,0.0113625,0.0102877,0.0104597,0.0113875,0.00482694,0.0103737
37,10.0,770.0,0.0111039,0.00968863,0.00998845,0.0108412,0.00460903,0.00983854
37,10.0,775.0,0.0108558,0.00922389,0.00946751,0.0103295,0.00441491,0.0093457
37,10.0,780.0,0.010601,0.00884793,0.00884088,0.00976777,0.00414345,0.008844405
37,10.0,785.0,0.0104473,0.00858297,0.00859566,0.00932506,0.00400596,0.008589315
37,10.0,790.0,0.0102145,0.00813422,0.00812607,0.00890563,0.00379539,0.008130145
37,10.0,795.0,0.00998137,0.00780713,0.00771349,0.00838562,0.00362852,0.007760309999999999
37,10.0,800.0,0.00985239,0.00742885,0.00754683,0.0081542,0.00349675,0.00748784
37,10.0,805.0,0.00967803,0.00722253,0.00721564,0.00775603,0.00336689,0.007219085
37,10.0,810.0,0.00950599,0.00688111,0.00694248,0.00744485,0.00321669,0.006911795
37,10.0,815.0,0.00936481,0.00667506,0.00669431,0.00714441,0.003102,0.006684685
37,10.0,820.0,0.00918526,0.00638764,0.00638141,0.00686761,0.00298803,0.006384525
37,10.0,825.0,0.00908451,0.00627545,0.00620272,0.00658931,0.00288088,0.006239085
37,10.0,830.0,0.00895914,0.0060037,0.00600819,0.0064314,0.00279488,0.006005945
37,10.0,835.0,0.00884834,0.00581085,0.00581038,0.00624214,0.0026916,0.005810615
37,10.0,840.0,0.00870746,0.00561113,0.00564607,0.00595902,0.00261069,0.0056286
37,10.0,845.0,0.00858832,0.00539764,0.0054435,0.00580089,0.00251778,0.00542057
37,10.0,850.0,0.00849527,0.00527906,0.00533108,0.00558465,0.00245609,0.00530507
37,10.0,855.0,0.00839115,0.00514382,0.00510468,0.00544763,0.00237077,0.00512425
37,10.0,860.0,0.00827633,0.00494078,0.00495663,0.00528392,0.00229313,0.004948704999999999
37,10.0,865.0,0.00819118,0.00485754,0.00482272,0.00509222,0.00222225,0.00484013
37,10.0,870.0,0.00810403,0.00470705,0.00471936,0.00496385,0.00217562,0.004713205
37,10.0,875.0,0.00799449,0.00458233,0.00455004,0.00479229,0.00210547,0.004566185
37,10.0,880.0,0.00794547,0.00451269,0.00446267,0.00469301,0.00205998,0.00448768
37,10.0,885.0,0.0078396,0.00434181,0.00436188,0.00453219,0.00199855,0.004351845
37,10.0,890.0,0.00776734,0.00425947,0.00422091,0.0044441,0.00195547,0.00424019
37,10.0,895.0,0.00769385,0.00415455,0.00412363,0.00432849,0.00190487,0.00413909
37,10.0,900.0,0.00761091,0.00402101,0.00402428,0.00422858,0.00185912,0.004022645
37,10.0,905.0,0.00754946,0.00394409,0.00393005,0.00414004,0.00182365,0.00393707
37,10.0,910.0,0.00749569,0.00387695,0.00388392,0.00400773,0.00177799,0.003880435
37,10.0,915.0,0.00741499,0.00377108,0.00375789,0.00391882,0.00172471,0.0037644849999999997
37,10.0,920.0,0.007343,0.00368502,0.00367085,0.00381857,0.00169097,0.003677935
37,10.0,925.0,0.00728599,0.003617,0.00360846,0.00371019,0.00164927,0.0036127299999999998
37,10.0,930.0,0.00723879,0.00353183,0.00355073,0.00366181,0.00162735,0.00354128
37,10.0,935.0,0.00719144,0.00348371,0.00346823,0.00359992,0.00160158,0.00347597
37,10.0,940.0,0.00711955,0.00339166,0.00338644,0.00349697,0.00154968,0.0033890500000000002
37,10.0,945.0,0.00707118,0.00333517,0.0033303,0.00342233,0.00152607,0.003332735
37,10.0,950.0,0.00700459,0.00324638,0.00324832,0.00335129,0.00148897,0.00324735
37,10.0,955.0,0.00697159,0.00317949,0.00320664,0.00331722,0.00146824,0.003193065
37,10.0,960.0,0.00690284,0.00310249,0.00313049,0.00323366,0.00143522,0.00311649
37,10.0,965.0,0.00687363,0.00306739,0.00307674,0.00318194,0.00140379,0.003072065
37,10.0,970.0,0.00681448,0.00301215,0.00299255,0.00311982,0.00137794,0.00300235
37,10.0,975.0,0.00676867,0.00296446,0.0029463,0.00304964,0.00135702,0.0029553799999999996
37,10.0,980.0,0.00673047,0.00291965,0.00290073,0.00299667,0.00133739,0.00291019
37,10.0,985.0,0.00668937,0.00285167,0.00286479,0.00294751,0.00131286,0.00285823
37,10.0,990.0,0.00664449,0.00281676,0.00278996,0.0028946,0.00128519,0.0028033600000000004
37,10.0,995.0,0.00660343,0.00274519,0.00276717,0.00284483,0.0012658,0.00275618
37,10.0,1000.0,0.00657344,0.0027214,0.00272365,0.00278831,0.00124135,0.002722525
